Week,TRx_Quantity,NRx_Quantity,Year,Month,Normalized_TRx,Normalized_NRx,Normalized_RRx,TRx_Wow_Growth,NRx_Wow_Growth,RRx_Wow_Growth,Week_Of_Year,Four_Week_MA_TRx,Four_Week_MA_NRx,Four_Week_MA_RRx,Eight_Week_MA_TRx,Eight_Week_MA_NRx,Eight_Week_MA_RRx,Thirteen_Week_MA_TRx,Thirteen_Week_MA_NRx,Thirteen_Week_MA_RRx,Four_Week_MA_TRx_WoW_Growth,Four_Week_MA_NRx_WoW_Growth,Four_Week_MA_RRx_WoW_Growth,Eight_Week_MA_TRx_WoW_Growth,Eight_Week_MA_NRx_WoW_Growth,Eight_Week_MA_RRx_WoW_Growth,Thirteen_Week_MA_TRx_WoW_Growth,Thirteen_Week_MA_NRx_WoW_Growth,Thirteen_Week_MA_RRx_WoW_Growth
2019-11-15,9125465,4243085,2019,11,76045,35359,40686,0.0038,0.0284,-0.0167,46,74876.0,34621.0,40255.0,73128.0,33912.0,39216.0,71141.0,32891.0,38250.0,0.0141,0.0182,0.0108,0.0091,0.0085,0.0098,0.0119,0.0124,0.0122
2019-11-08,9090875,4125792,2019,11,75757,34381,41376,0.0269,0.0012,0.0493,45,73846.0,34010.0,39836.0,72471.0,33630.0,38841.0,70357.0,32556.0,37801.0,0.0112,0.004,0.0176,0.009,0.0059,0.0118,0.0178,0.0174,0.0188
2019-11-01,8852522,4120781,2019,11,73771,34339,39432,-0.0022,-0.0019,-0.0024,44,73032.0,33886.0,39146.0,71821.0,33438.0,38383.0,69220.0,32092.0,37127.0,0.0094,0.0076,0.0111,0.02,0.0299,0.0124,0.01,0.0123,0.0086
2019-10-25,8871654,4128616,2019,10,73930,34405,39525,0.0279,0.0452,0.0132,43,72362.0,33640.0,38722.0,70514.0,32587.0,37928.0,68613.0,31784.0,36830.0,0.0138,0.0134,0.0143,0.0106,0.0131,0.0094,0.0116,0.0134,0.0107
2019-10-18,8631194,3949996,2019,10,71926,32916,39010,-0.0079,-0.0286,0.0102,42,71380.0,33204.0,38177.0,69853.0,32272.0,37581.0,67899.0,31440.0,36459.0,0.0041,-0.0012,0.0088,0.0111,0.0113,0.0118,0.0105,0.0104,0.0111
2019-10-11,8699942,4066139,2019,10,72499,33884,38615,0.0198,0.0159,0.0233,41,71096.0,33250.0,37846.0,69176.0,32023.0,37152.0,67276.0,31197.0,36079.0,0.0069,0.0079,0.006,0.0133,0.0146,0.0132,0.0105,0.0129,0.0091
2019-10-04,8530965,4002500,2019,10,71091,33354,37737,0.0155,0.0212,0.0105,40,70610.0,32989.0,37621.0,68345.0,31663.0,36682.0,66643.0,30871.0,35772.0,0.0305,0.0522,0.0136,0.0208,0.0243,0.0188,0.0168,0.0247,0.0112
2019-09-27,8400806,3919429,2019,9,70006,32661,37345,-0.011,-0.0133,-0.009,39,68667.0,31534.0,37133.0,67080.0,31038.0,36042.0,65662.0,30257.0,35405.0,0.0073,0.0127,0.0044,0.0096,0.0135,0.0071,0.0106,0.0129,0.0098
2019-09-20,8494423,3972195,2019,9,70786,33101,37685,0.0032,0.0079,-0.0009,38,68325.0,31340.0,36985.0,66565.0,30746.0,35819.0,65081.0,29992.0,35088.0,0.018,0.0238,0.0149,0.0134,0.0168,0.0114,0.0124,0.0128,0.0133
2019-09-13,8467050,3940842,2019,9,70558,32840,37718,0.1144,0.1928,0.054,37,67256.0,30797.0,36459.0,65797.0,30350.0,35447.0,64379.0,29725.0,34654.0,0.0197,0.0212,0.0204,0.0145,0.0165,0.0138,0.0127,0.0134,0.0133
2019-09-06,7598119,3303855,2019,9,63317,27532,35785,-0.0775,-0.1366,-0.0263,36,66080.0,30337.0,35743.0,64956.0,29965.0,34991.0,63663.0,29443.0,34221.0,0.0111,-0.0036,0.024,-0.0006,-0.0071,0.0051,0.0015,-0.0035,0.0065
2019-08-30,8236789,3826598,2019,8,68639,31888,36751,0.03201022402646218,0.031073172308985677,0.032824663462889585,35,65493.0,30542.0,34950.0,65076.0,30230.0,34846.0,63653.0,29632.0,34021.0,0.0119,0.0143,0.0099,0.0218,0.0311,0.0146,0.0173,0.0217,0.0144
2019-08-23,7981216,3711241,2019,8,66510,30927,35583,0.009946093690684079,-0.0024191987613702342,0.02094511232892434,34,64805.0,30151.0,34654.0,63788.0,29415.0,34373.0,62683.0,29116.0,33566.0,0.0087,0.0098,0.0078,0.0096,0.0107,0.0096,0.0114,0.0119,0.012
2019-08-16,7902656,3720325,2019,8,65855,31002,34853,0.0801745206423147,0.09342926674425987,0.06865149935610473,33,64338.0,29903.0,34435.0,63280.0,29202.0,34078.0,62081.0,28882.0,33199.0,0.0094,0.0118,0.0073,0.0099,0.0093,0.0116,0.0114,0.0122,0.0117
2019-08-09,7316076,3402477,2019,8,60967,28353,32614,-0.07468734822729481,-0.06496718662401478,-0.08297483480950373,32,63832.0,29592.0,34240.0,62756.0,29030.0,33726.0,61484.0,28637.0,32847.0,-0.0124,-0.0106,-0.0139,0.0007,-0.0004,0.0028,0.0045,0.0039,0.0061
2019-08-02,7906594,3638799,2019,8,65888,30323,35565,0.019291161956034097,0.012995256230373488,0.02472123779064742,31,64659.0,29918.0,34741.0,62792.0,29132.0,33660.0,61305.0,28628.0,32677.0,0.0317,0.0478,0.0194,0.0063,0.0043,0.009,0.0095,0.0085,0.0114
2019-07-26,7757022,3592152,2019,7,64641,29934,34707,0.012689758894581004,0.005880573944016936,0.018637003991547312,30,62771.0,28679.0,34092.0,62453.0,29090.0,33363.0,60794.0,28480.0,32314.0,0.0104,0.0116,0.0113,0.0198,0.0265,0.0154,0.0145,0.012,0.0179
2019-07-19,7659792,3571163,2019,7,63831,29759,34072,-0.006923268405003423,0.0035069971337042655,-0.015857427572860402,29,62222.0,28500.0,33722.0,61377.0,28497.0,32880.0,60022.0,28240.0,31782.0,0.0104,0.0067,0.0159,0.0125,0.0137,0.0133,0.0122,0.0107,0.0147
2019-07-12,7713212,3558602,2019,7,64276,29655,34621,0.1018,0.16899999999999998,0.0501,28,61680.0,28468.0,33212.0,60734.0,28262.0,32471.0,59387.0,28035.0,31351.0,0.0138,0.0098,0.0195,0.0147,0.0135,0.0174,0.0125,0.0084,0.0175
2019-07-05,7000435,3044106,2019,7,58336,25367,32969,-0.0658,-0.1319,-0.0077,27,60925.0,28346.0,32579.0,59961.0,28032.0,31929.0,58732.0,27896.0,30835.0,-0.0192,-0.0393,-0.0014,0.0008,-0.0095,0.0106,0.0045,-0.0049,0.0136
2019-06-28,7493553,3506639,2019,6,62446,29221,33225,0.0127,-0.0138,0.0371,26,62135.0,29501.0,32634.0,60000.0,28391.0,31608.0,58542.0,28095.0,30447.0,0.0291,0.0413,0.0196,0.0078,0.0063,0.0098,0.0131,0.0072,0.0194
2019-06-21,7399786,3555484,2019,6,61664,29629,32035,0.0067,0.0158,-0.0016,25,60532.0,28493.0,32038.0,59599.0,28288.0,31310.0,57849.0,27946.0,29903.0,0.0147,0.0206,0.0107,0.0168,0.0155,0.0189,0.0129,0.0087,0.0176
2019-06-14,7350696,3500271,2019,6,61255,29168,32087,-0.0304,-0.0272,-0.0333,24,59787.0,28056.0,31730.0,58716.0,27936.0,30781.0,57176.0,27751.0,29424.0,0.0155,0.0173,0.0154,0.0138,0.0121,0.0161,0.0115,0.0065,0.0171
2019-06-07,7581192,3598269,2019,6,63176,29985,33191,0.1275,0.1904,0.0762,23,58996.0,27718.0,31278.0,58006.0,27678.0,30329.0,56576.0,27620.0,28956.0,0.0208,0.0203,0.0226,0.0172,0.0122,0.0228,0.014,0.0095,0.0191
2019-05-31,6723789,3022813,2019,5,56031,25190,30841,-0.0452,-0.0966,0.0013,22,57864.0,27282.0,30582.0,57079.0,27410.0,29669.0,55819.0,27401.0,28418.0,-0.0136,-0.0287,0.0001,0.001,-0.0121,0.0132,0.0057,-0.0046,0.0157
2019-05-24,7042278,3346037,2019,5,58685,27883,30802,0.0102,0.0024,0.0173,21,58666.0,28084.0,30582.0,57059.0,27755.0,29304.0,55535.0,27536.0,27999.0,0.0189,0.0103,0.0271,0.0123,0.0031,0.0215,0.0145,0.006,0.0233
2019-05-17,6971301,3337844,2019,5,58094,27815,30279,-0.0094,-0.015,-0.0042,20,57646.0,27814.0,29832.0,56404.0,27680.0,28724.0,54789.0,27383.0,27406.0,0.012,0.006999999999999999,0.0169,0.0123,0.0036,0.021,0.0135,0.0069,0.0205
2019-05-10,7037681,3388767,2019,5,58647,28239,30408,-0.01,-0.0056,-0.014,19,57016.0,27637.0,29379.0,55755.0,27591.0,28164.0,54094.0,27208.0,26886.0,0.0135,0.004,0.023,0.0122,0.0038,0.0206,0.0169,0.0126,0.0214
2019-05-03,7108668,3407928,2019,5,59238,28399,30839,0.0848,0.0595,0.1093,18,56294.0,27539.0,28755.0,55106.0,27493.0,27613.0,53234.0,26891.0,26344.0,0.0155,0.0045,0.0264,0.0137,0.006,0.0214,0.019,0.0123,0.026
2019-04-26,6552737,3216643,2019,4,54606,26805,27801,-0.0174,-0.011,-0.0235,17,55452.0,27426.0,28026.0,54369.0,27336.0,27034.0,52266.0,26577.0,25689.0,0.0057,-0.0042,0.0159,0.0055,-0.0005,0.0117,0.0161,0.0138,0.0189
2019-04-19,6668861,3252563,2019,4,55573,27104,28469,-0.0033,-0.0267,0.02,16,55161.0,27545.0,27616.0,54086.0,27353.0,26733.0,51490.0,26251.0,25240.0,0.0126,0.0002,0.0252,0.0162,0.0059,0.0272,0.0177,0.0153,0.0204
2019-04-12,6691112,3341689,2019,4,55759,27847,27912,-0.002,-0.0037,-0.0003,15,54494.0,27545.0,26950.0,53262.0,27202.0,26060.0,50631.0,25886.0,24745.0,0.0108,0.0036,0.0184,0.0164,0.011,0.0224,0.0176,0.0193,0.0163
2019-04-05,6704552,3354087,2019,4,55871,27950,27921,0.0455,0.0246,0.0673,14,53919.0,27448.0,26471.0,52425.0,26914.0,25511.0,49772.0,25421.0,24352.0,0.0118,0.0075,0.0164,0.0209,0.0189,0.0233,0.0275,0.0445,0.0153
2019-03-29,6412900,3273628,2019,3,53440,27280,26160,0.0101,0.0066,0.0137,13,53286.0,27245.0,26042.0,51375.0,26434.0,24941.0,48519.0,24538.0,23981.0,0.0052,0.0032,0.0076,0.0174,0.0147,0.0207,0.0289,0.0505,0.013
2019-03-22,6348979,3252295,2019,3,52908,27102,25806,-0.0103,-0.013,-0.0073,12,53012.0,27162.0,25850.0,50526.0,26065.0,24462.0,47270.0,23588.0,23682.0,0.0199,0.0117,0.0292,0.0221,0.0237,0.021,0.0137,0.023,0.0102
2019-03-15,6414822,3295272,2019,3,53456,27460,25996,0.0021,0.0119,-0.008,11,52029.0,26860.0,25170.0,49478.0,25497.0,23981.0,46725.0,23274.0,23451.0,0.022,0.0184,0.0264,0.0238,0.0264,0.0215,0.0146,0.026,0.009000000000000001
2019-03-08,6401151,3256457,2019,3,53342,27137,26205,0.0191,0.0071,0.0319,10,50932.0,26380.0,24551.0,48345.0,24859.0,23486.0,46133.0,22887.0,23246.0,0.0299,0.0302,0.0301,0.0229,0.0281,0.0183,0.0138,0.0238,0.0097
2019-03-01,6281120,3233682,2019,3,52342,26947,25395,0.0687,0.0407,0.1002,9,49464.0,25624.0,23840.0,47253.0,24192.0,23060.0,45577.0,22555.0,23023.0,0.0295,0.0262,0.0337,0.0364,0.0677,0.0127,0.0162,0.0301,0.0084
2019-02-22,5877147,3107337,2019,2,48976,25894,23082,-0.0018,0.0137,-0.0187,8,48041.0,24968.0,23072.0,45657.0,22883.0,22774.0,44928.0,22093.0,22835.0,0.0243,0.0356,0.0128,0.0358,0.0755,0.0048,0.0235,0.0423,0.011
2019-02-15,5887923,3065224,2019,2,49066,25543,23523,0.0336,0.0594,0.006999999999999999,7,46927.0,24134.0,22793.0,44186.0,21513.0,22673.0,44062.0,21445.0,22617.0,0.0255,0.0344,0.0166,0.0125,0.0298,0.0043,0.0156,0.029,0.0084
2019-02-08,5696408,2893205,2019,2,47470,24110,23360,0.0176,-0.0089,0.0464,6,45759.0,23338.0,22421.0,43780.0,21198.0,22582.0,43530.0,21080.0,22451.0,0.0159,0.026,0.0065,0.0085,0.0257,0.0005,0.0151,0.0307,0.0062
2019-02-01,5598188,2919224,2019,2,46651,24326,22325,0.0478,0.0784,0.0164,5,45042.0,22761.0,22281.0,43567.0,20988.0,22579.0,43036.0,20703.0,22333.0,0.0433,0.1091,-0.0084,0.0053,0.0247,-0.0051,0.016,0.0329,0.0055
2019-01-25,5342654,2706990,2019,1,44522,22558,21964,0.0029,0.0089,-0.0033,4,43273.0,20798.0,22476.0,43500.0,20799.0,22701.0,42515.0,20282.0,22234.0,0.0472,0.1153,-0.0032,0.0056,0.0261,-0.0053,0.0137,0.028,0.0059
2019-01-18,5327338,2683050,2019,1,44394,22358,22036,-0.0046,0.0255,-0.0334,3,41444.0,18891.0,22553.0,43422.0,20597.0,22825.0,42104.0,19974.0,22130.0,-0.0005,0.0252,-0.0081,0.0258,0.0498,0.0119,0.0139,0.028,0.0064
2019-01-11,5352218,2616445,2019,1,44601,21803,22798,0.127,0.3236,-0.0132,2,41801.0,19057.0,22744.0,42588.0,19987.0,22601.0,41685.0,19670.0,22015.0,0.001,0.0254,-0.0054,0.0132,0.0267,0.0095,0.0148,0.0277,0.0085
2019-01-04,4749209,1976753,2019,1,39576,16472,23104,0.0637,0.1032,0.0372,1,42091.0,19215.0,22876.0,42282.0,19860.0,22422.0,41230.0,19380.0,21851.0,-0.0327,-0.0597,-0.0019,0.0007,-0.0035,0.0085,0.004,0.0001,0.0101
2018-12-28,4464731,1791807,2018,12,37206,14931,22275,-0.188,-0.3514,-0.0229,52,43727.0,20800.0,22926.0,42466.0,20203.0,22262.0,41200.0,19549.0,21651.0,-0.036000000000000004,-0.0632,-0.0074,-0.0037,-0.014,0.0086,0.0027,-0.0029,0.0096
2018-12-21,5498447,2762692,2018,12,45820,23022,22798,0.0012,0.0262,-0.0228,51,45400.0,22304.0,23096.0,42800.0,20693.0,22108.0,41217.0,19750.0,21467.0,0.052000000000000005,0.0744,0.0318,0.0221,0.0319,0.014,0.0199,0.0315,0.0104
2018-12-14,5491644,2692177,2018,12,45763,22434,23329,-0.0077,-0.0167,0.0011,50,43375.0,20916.0,22459.0,41969.0,20135.0,21834.0,40474.0,19210.0,21263.0,0.0254,0.0279,0.0245,0.0227,0.0296,0.0172,0.0181,0.0268,0.0113
2018-12-07,5534246,2737739,2018,12,46118,22814,23304,0.0505,0.0892,0.0152,49,42472.0,20505.0,21967.0,41118.0,19632.0,21486.0,39798.0,18761.0,21037.0,0.034,0.0526,0.0188,0.0245,0.0344,0.0164,0.0255,0.0393,0.0146
2018-11-30,5268107,2513425,2018,11,43900,20945,22955,0.1639,0.1988,0.1337,48,41204.0,19606.0,21598.0,40189.0,19033.0,21156.0,38865.0,18120.0,20745.0,0.0287,0.0352,0.0245,0.0166,0.0189,0.0155,0.0175,0.0254,0.0117
2018-11-23,4526283,2096720,2018,11,37719,17472,20247,-0.1052,-0.1596,-0.0522,47,40200.0,19082.0,21119.0,39599.0,18749.0,20850.0,38250.0,17735.0,20515.0,-0.0077,-0.0107,-0.0038,0.002,0.002,0.0026,0.0061,0.0109,0.003
2018-11-16,5058342,2494845,2018,11,42152,20790,21362,0.0269,0.0819,-0.0214,46,40564.0,19354.0,21210.0,39563.0,18758.0,20805.0,38068.0,17605.0,20462.0,0.02,0.0313,0.01,0.0195,0.034,0.0076,0.015,0.0231,0.0086
2018-11-09,4925728,2306096,2018,11,41047,19217,21830,0.0292,0.0196,0.0377,45,39764.0,18758.0,21006.0,38813.0,18160.0,20653.0,37516.0,17222.0,20294.0,0.015,0.0162,0.0139,0.0134,0.0194,0.0087,0.0109,0.0162,0.0071
2018-11-02,4786046,2261711,2018,11,39883,18847,21036,0.0182,0.0154,0.0207,44,39173.0,18459.0,20714.0,38304.0,17831.0,20473.0,37122.0,16969.0,20153.0,0.0045,0.0026,0.0065,0.0207,0.0352,0.0096,0.0107,0.0176,0.0056
2018-10-26,4700755,2227469,2018,10,39172,18562,20610,0.0056,0.0084,0.0031,43,38997.0,18416.0,20581.0,37568.0,17285.0,20282.0,36745.0,16700.0,20045.0,0.0116,0.0148,0.0091,0.0118,0.0217,0.0042,0.0087,0.0136,0.0052
2018-10-19,4674477,2208951,2018,10,38953,18407,20546,0.0069,0.0214,-0.0057,42,38562.0,18162.0,20400.0,37160.0,16958.0,20202.0,36444.0,16497.0,19947.0,0.0191,0.0367,0.0051,0.0131,0.0219,0.0064,0.0092,0.0143,0.0056
2018-10-12,4642231,2162620,2018,10,38685,18021,20664,-0.0126,-0.035,0.0078,41,37862.0,17562.0,20300.0,36709.0,16631.0,20078.0,36126.0,16285.0,19841.0,0.0118,0.0226,0.0035,0.0135,0.0191,0.0096,0.0076,0.0118,0.0048
2018-10-05,4701597,2240938,2018,10,39179,18674,20505,0.0467,0.0643,0.0311,40,37435.0,17204.0,20231.0,36246.0,16354.0,19892.0,35868.0,16117.0,19751.0,0.0369,0.0678,0.0128,0.0118,0.0225,0.0036,0.0149,0.0264,0.0063
2018-09-28,4491914,2105496,2018,9,37432,17545,19887,0.0354,0.096,-0.0128,39,36138.0,16155.0,19984.0,35839.0,16011.0,19828.0,35366.0,15734.0,19632.0,0.0119,0.0287,-0.0006,0.0093,0.0192,0.002,0.0075,0.0127,0.0043
2018-09-21,4338464,1921037,2018,9,36153,16008,20145,-0.0222,-0.0349,-0.0119,38,35758.0,15755.0,20003.0,35532.0,15736.0,19796.0,35129.0,15575.0,19554.0,0.006999999999999999,0.0072,0.0078,0.0039,0.0027,0.0055,0.0063,0.0074,0.0063
2018-09-14,4437051,1990519,2018,9,36975,16587,20388,0.0877,0.1456,0.0448,37,35556.0,15700.0,19856.0,35421.0,15726.0,19695.0,34938.0,15502.0,19437.0,0.0152,0.0157,0.0157,0.0082,0.0092,0.008,0.0052,0.0059,0.0055
2018-09-07,4079228,1737582,2018,9,33993,14479,19514,-0.0534,-0.0919,-0.0226,36,35058.0,15504.0,19554.0,35152.0,15609.0,19543.0,34783.0,15450.0,19333.0,-0.0133,-0.0227,-0.0057,-0.0045,-0.0104,0.0003,0.0002,-0.0028,0.0032
2018-08-31,4309426,1913513,2018,8,35911,15945,19966,0.016,0.0099,0.0209,35,35540.0,15867.0,19673.0,35319.0,15778.0,19541.0,34798.0,15522.0,19276.0,0.0068,0.0097,0.0046,0.0124,0.0206,0.0067,0.0105,0.0134,0.0089
2018-08-24,4241530,1894699,2018,8,35346,15789,19557,0.0104,-0.001,0.0198,34,35307.0,15718.0,19589.0,34912.0,15497.0,19414.0,34468.0,15355.0,19113.0,0.0008,-0.0018,0.0032,0.0043,0.005,0.0047,0.0044,0.0042,0.0053
2018-08-17,4197897,1896714,2018,8,34982,15805,19177,-0.0261,-0.0077,-0.0408,33,35285.0,15752.0,19533.0,34787.0,15458.0,19329.0,34349.0,15331.0,19018.0,0.0013,0.0028,0.0003,0.0054,0.0085,0.0039,0.0049,0.0072,0.0039
2018-08-10,4310577,1911465,2018,8,35921,15928,19993,0.027000000000000003,0.0377,0.0185,32,35246.0,15714.0,19532.0,34624.0,15364.0,19259.0,34212.0,15263.0,18949.0,0.0043,0.0019,0.0064,0.0041,0.0027,0.0062,0.0074,0.0072,0.0085
2018-08-03,4197387,1841982,2018,8,34978,15349,19629,-0.008,-0.0362,0.0153,31,35097.0,15689.0,19408.0,34503.0,15363.0,19140.0,33988.0,15195.0,18793.0,0.018000000000000002,0.0314,0.0089,0.0036,0.0021,0.0057,0.0035,0.0031,0.0046
2018-07-27,4231197,1911021,2018,7,35259,15925,19334,0.0124,0.0173,0.0084,30,34516.0,15277.0,19240.0,34404.0,15371.0,19033.0,33898.0,15188.0,18710.0,0.0077,0.0118,0.0062,0.0147,0.0215,0.0103,0.0059,0.0052,0.0074
2018-07-20,4179145,1878578,2018,7,34826,15654,19172,-0.0142,-0.0111,-0.0167,29,34288.0,15164.0,19124.0,33950.0,15103.0,18848.0,33729.0,15149.0,18580.0,0.0096,0.0143,0.0074,0.0051,0.0056,0.006,0.0056,0.005,0.0071
2018-07-13,4239226,1899498,2018,7,35326,15829,19497,0.0818,0.1555,0.0285,28,34002.0,15015.0,18986.0,33821.0,15080.0,18741.0,33569.0,15113.0,18456.0,0.004,0.0036,0.0061,0.0091,0.0117,0.0083,0.0081,0.0076,0.0095
2018-07-06,3918629,1643994,2018,7,32655,13699,18956,-0.0492,-0.1147,0.0044,27,33909.0,15037.0,18872.0,33556.0,14966.0,18590.0,33326.0,15038.0,18287.0,-0.0109,-0.0271,0.0025,-0.0003,-0.0088,0.006999999999999999,0.0023,-0.0023,0.0064
2018-06-29,4121632,1856837,2018,6,34346,15473,18873,0.0198,0.0275,0.0136,26,34292.0,15466.0,18826.0,33599.0,15134.0,18465.0,33273.0,15097.0,18176.0,0.0217,0.0313,0.0144,0.0028,0.0037,0.0025,0.0076,0.0071,0.0084
2018-06-22,4041565,1807120,2018,6,33679,15059,18620,-0.0366,-0.054000000000000006,-0.022,25,33612.0,15042.0,18570.0,33534.0,15108.0,18425.0,33043.0,15011.0,18032.0,0.0007,-0.003,0.0045,0.0032,-0.0009,0.0072,0.0069,0.0074,0.006999999999999999
2018-06-15,4194864,1910267,2018,6,34957,15918,19039,0.0225,0.0328,0.0141,24,33641.0,15145.0,18496.0,33455.0,15152.0,18302.0,32837.0,14923.0,17913.0,0.0143,0.0198,0.0105,0.0089,0.0076,0.0105,0.008,0.006999999999999999,0.0094
2018-06-08,4102497,1849606,2018,6,34187,15413,18774,0.081,0.1188,0.0518,23,33203.0,14896.0,18308.0,33180.0,15062.0,18118.0,32586.0,14836.0,17750.0,0.0102,0.0096,0.0115,0.0084,0.0064,0.0107,0.0056,0.0056,0.0061
2018-06-01,3795059,1653235,2018,6,31625,13776,17849,-0.0642,-0.1097,-0.0258,22,32906.0,14803.0,18104.0,32926.0,14992.0,17934.0,32418.0,14773.0,17645.0,-0.0161,-0.0238,-0.0094,-0.001,-0.005,0.0027,-0.0013,-0.0047,0.0018
2018-05-25,4055405,1856940,2018,5,33795,15474,18321,0.0177,0.0371,0.0019,21,33455.0,15175.0,18280.0,32970.0,15077.0,17892.0,32469.0,14851.0,17617.0,0.0057,0.0012,0.01,0.0095,0.0096,0.0097,0.0091,0.0107,0.008
2018-05-18,3984828,1790454,2018,5,33206,14920,18286,0.0062,-0.008,0.0182,20,33269.0,15160.0,18109.0,32664.0,14938.0,17726.0,32189.0,14705.0,17484.0,0.0036,-0.0044,0.0106,0.0087,0.0089,0.0089,0.0071,0.0061,0.0083
2018-05-11,3960100,1804942,2018,5,33000,15041,17959,-0.0242,-0.0147,-0.032,19,33157.0,15228.0,17929.0,32388.0,14813.0,17575.0,31972.0,14626.0,17346.0,0.0067,0.0032,0.0098,0.0052,0.0026,0.0078,0.0064,0.0066,0.0066
2018-05-04,4058293,1831966,2018,5,33819,15266,18553,0.0232,-0.0095,0.0518,18,32946.0,15182.0,17764.0,32226.0,14781.0,17445.0,31777.0,14539.0,17238.0,0.0142,0.0138,0.0148,0.006999999999999999,0.0061,0.0082,0.0089,0.0087,0.0094
2018-04-27,3966199,1849512,2018,4,33051,15412,17639,0.009000000000000001,0.0144,0.0043,17,32484.0,14980.0,17504.0,31998.0,14696.0,17302.0,31500.0,14421.0,17079.0,0.0133,0.0179,0.0095,0.003,0.0055,0.0012,0.0084,0.0102,0.0072
2018-04-20,3930914,1823177,2018,4,32757,15193,17564,0.0187,0.0228,0.0153,16,32060.0,14717.0,17343.0,31903.0,14620.0,17283.0,31244.0,14282.0,16962.0,0.0139,0.0222,0.0072,0.0107,0.015,0.0075,0.0083,0.0145,0.0036
2018-04-13,3858615,1782616,2018,4,32155,14855,17300,0.0057,0.0275,-0.0123,15,31620.0,14398.0,17222.0,31578.0,14416.0,17161.0,30994.0,14090.0,16904.0,0.0037,0.0018,0.0058,0.0074,0.0092,0.0063,0.0063,0.0117,0.0024
2018-04-06,3836854,1734987,2018,4,31973,14458,17515,0.0197,0.0068,0.0307,14,31506.0,14381.0,17126.0,31356.0,14297.0,17060.0,30806.0,13938.0,16868.0,-0.0001,-0.0016,0.0017,0.0064,0.0057,0.0073,0.0108,0.0227,0.003
2018-03-30,3762511,1723360,2018,3,31354,14361,16993,0.0115,0.0318,-0.005,13,31513.0,14412.0,17100.0,31168.0,14228.0,16940.0,30493.0,13673.0,16820.0,-0.0072,-0.0069,-0.006999999999999999,0.0049,0.0064,0.004,0.0079,0.0247,-0.0032
2018-03-23,3719703,1670183,2018,3,30997,13918,17079,-0.0222,-0.0587,0.0096,12,31746.0,14522.0,17224.0,31027.0,14150.0,16877.0,30270.0,13388.0,16882.0,0.0076,0.0078,0.0078,0.0056,0.0037,0.0076,-0.0025,0.0033,-0.0049
2018-03-16,3804244,1774328,2018,3,31702,14786,16916,-0.0093,0.0139,-0.0286,11,31536.0,14435.0,17101.0,30866.0,14110.0,16756.0,30381.0,13405.0,16976.0,0.0112,0.0166,0.0069,0.0092,0.0198,0.0011,-0.0007,0.0065,-0.0045
2018-03-09,3839771,1750121,2018,3,31998,14584,17414,-0.0089,-0.0147,-0.0041,10,31206.0,14212.0,16994.0,30593.0,13850.0,16744.0,30435.0,13373.0,17062.0,0.0129,0.0129,0.013,0.0096,0.0164,0.0046,-0.0018,0.0057,-0.0057
2018-03-02,3874358,1776177,2018,3,32286,14801,17485,0.0706,0.0909,0.0541,9,30823.0,14044.0,16780.0,30307.0,13636.0,16670.0,30526.0,13354.0,17172.0,0.0171,0.0197,0.015,0.0188,0.0394,0.0046,-0.0011,0.008,-0.0062
2018-02-23,3618803,1628266,2018,2,30156,13568,16588,-0.0075,-0.0237,0.0061,8,30308.0,13778.0,16531.0,29760.0,13162.0,16597.0,30594.0,13301.0,17293.0,0.0038,-0.0005,0.0074,0.0076,0.0323,-0.0085,0.009000000000000001,0.0188,0.0036
2018-02-16,3646267,1667703,2018,2,30385,13897,16488,-0.0027,-0.0009,-0.0042,7,30197.0,13786.0,16412.0,29546.0,12798.0,16748.0,30398.0,13140.0,17259.0,0.0072,0.0231,-0.0046,-0.0069,0.0044,-0.0127,-0.0011,0.0081,-0.0062
2018-02-09,3656021,1669120,2018,2,30466,13909,16557,0.0079,0.0126,0.0041,6,29980.0,13487.0,16494.0,29803.0,12828.0,16975.0,30526.0,13125.0,17401.0,0.0064,0.02,-0.0038,-0.0064,0.0024,-0.0102,-0.0002,0.0069,-0.0036
2018-02-02,3627166,1648328,2018,2,30226,13736,16490,0.0173,0.01,0.0235,5,29790.0,13229.0,16561.0,30045.0,12887.0,17158.0,30625.0,13126.0,17500.0,0.0205,0.0592,-0.0058,-0.0103,0.0013,-0.0162,0.0005,0.008,-0.0032
2018-01-26,3565369,1632004,2018,1,29711,13600,16111,0.0065,0.0706,-0.0419,4,29211.0,12547.0,16664.0,30415.0,12961.0,17454.0,30703.0,13113.0,17590.0,0.0114,0.0651,-0.0243,-0.0124,0.0019,-0.0205,0.0,0.0059,-0.0025
2018-01-19,3542374,1524466,2018,1,29519,12703,16816,-0.0062,-0.0134,-0.0007,3,28895.0,11810.0,17085.0,30847.0,13026.0,17822.0,30795.0,13128.0,17666.0,-0.021,-0.0142,-0.0207,0.0119,0.0219,0.0073,-0.0,0.0035,-0.0008
2018-01-12,3564551,1545167,2018,1,29704,12876,16828,0.0643,0.1695,-0.0043,2,29626.0,12169.0,17456.0,30609.0,12872.0,17737.0,30888.0,13172.0,17716.0,-0.0192,-0.0151,-0.0167,-0.0046,0.0032,-0.0076,0.0011,0.0056,-0.0005
2018-01-05,3349258,1321260,2018,1,27910,11010,16900,-0.0189,0.0336,-0.0503,1,30300.0,12545.0,17756.0,30902.0,12975.0,17927.0,30947.0,13189.0,17759.0,-0.0411,-0.0566,-0.0266,-0.0115,-0.0199,-0.0035,-0.0041,-0.0079,-0.0001
2017-12-29,3413866,1278313,2017,12,28448,10652,17796,-0.1231,-0.2466,-0.0276,52,31619.0,13375.0,18244.0,31383.0,13339.0,18044.0,31151.0,13355.0,17796.0,-0.0363,-0.0612,-0.0167,-0.006999999999999999,-0.0208,0.004,-0.0024,-0.0109,0.0045
2017-12-22,3892911,1696672,2017,12,32440,14138,18302,0.0011,-0.0168,0.0154,51,32800.0,14241.0,18559.0,31730.0,13704.0,18027.0,31306.0,13554.0,17752.0,0.0448,0.0581,0.0354,0.0097,0.0079,0.0115,0.0062,0.0077,0.0054
2017-12-15,3888543,1725580,2017,12,32404,14379,18025,-0.0235,0.0034,-0.0439,50,31592.0,13574.0,18018.0,31539.0,13661.0,17878.0,31180.0,13491.0,17690.0,0.01,0.0216,0.0015,0.0103,0.0149,0.0071,0.0078,0.0089,0.0073
2017-12-08,3981961,1719601,2017,12,33183,14330,18853,0.0004,0.0152,-0.0106,49,31503.0,13405.0,18098.0,31330.0,13523.0,17807.0,31007.0,13409.0,17597.0,0.0181,0.0168,0.0196,0.0142,0.0163,0.0131,0.014,0.0213,0.0094
2017-12-01,3980533,1694018,2017,12,33171,14116,19055,0.2014,0.2306,0.1806,48,31146.0,13303.0,17843.0,30991.0,13368.0,17624.0,30649.0,13187.0,17462.0,0.0222,0.0195,0.0247,0.0139,0.0136,0.0144,0.0116,0.0135,0.0111
2017-11-24,3313409,1376602,2017,11,27611,11471,16140,-0.1384,-0.1629,-0.1201,47,30661.0,13166.0,17495.0,30665.0,13250.0,17415.0,30361.0,13065.0,17297.0,-0.0255,-0.0423,-0.0124,-0.0109,-0.0159,-0.006999999999999999,-0.0049,-0.0065,-0.0028
2017-11-17,3845669,1644511,2017,11,32047,13704,18343,0.0091,-0.0157,0.0285,46,31485.0,13748.0,17737.0,31022.0,13472.0,17550.0,30531.0,13175.0,17356.0,0.0106,0.0083,0.0127,0.005,0.0038,0.0061,0.005,0.0044,0.0063
2017-11-10,3810915,1670672,2017,11,31757,13922,17835,0.0169,0.0261,0.0098,45,31156.0,13640.0,17516.0,30866.0,13422.0,17444.0,30383.0,13134.0,17249.0,0.0104,0.0158,0.0065,0.0066,0.0057,0.0075,0.0049,0.0058,0.0051
2017-11-03,3747706,1628197,2017,11,31230,13568,17662,0.0105,-0.0167,0.0323,44,30836.0,13432.0,17404.0,30665.0,13347.0,17317.0,30237.0,13074.0,17163.0,0.0055,0.0076,0.0041,0.0115,0.0229,0.0043,0.0039,0.0035,0.0051
2017-10-27,3708899,1655811,2017,10,30907,13798,17109,0.0058,0.0395,-0.0199,43,30668.0,13334.0,17334.0,30328.0,13082.0,17246.0,30124.0,13045.0,17079.0,0.0036,0.0105,-0.0016,0.0065,0.0143,0.0017,0.0051,0.0089,0.003
2017-10-20,3687656,1592951,2017,10,30730,13274,17456,0.0083,0.0141,0.0039,42,30558.0,13195.0,17363.0,30143.0,12922.0,17221.0,29977.0,12947.0,17030.0,-0.0006,-0.0007,-0.0005,0.0041,0.0057,0.0041,0.0029,0.0031,0.0036
2017-10-13,3657317,1570789,2017,10,30477,13089,17388,-0.0027,-0.0065,0.0002,41,30576.0,13204.0,17372.0,30029.0,12875.0,17153.0,29896.0,12925.0,16971.0,0.0028,-0.0044,0.0085,0.0018,0.0012,0.0034,0.0031,0.0006,0.006
2017-10-06,3667243,1581061,2017,10,30560,13175,17385,0.0032,-0.0051,0.0095,40,30493.0,13262.0,17231.0,29984.0,12887.0,17098.0,29809.0,12936.0,16873.0,0.0176,0.0382,0.0045,0.0032,0.0024,0.005,0.0119,0.021,0.006999999999999999
2017-09-29,3655720,1589088,2017,9,30464,13242,17222,-0.0111,-0.0052,-0.0155,39,29988.0,12830.0,17158.0,29898.0,12882.0,17016.0,29490.0,12731.0,16759.0,0.0093,0.018000000000000002,0.0049,0.0032,0.0025,0.005,0.0066,0.0079,0.0082
2017-09-22,3696669,1597387,2017,9,30805,13311,17494,0.0219,-0.0008,0.0399,38,29728.0,12650.0,17079.0,29810.0,12876.0,16934.0,29321.0,12693.0,16628.0,0.0088,0.012,0.0086,0.0079,0.0099,0.0077,0.01,0.0124,0.0106
2017-09-15,3617361,1598707,2017,9,30144,13322,16822,0.0562,0.16399999999999998,-0.016,37,29481.0,12546.0,16934.0,29583.0,12778.0,16806.0,29057.0,12601.0,16457.0,0.0007,0.0068,-0.0018,0.0023,0.0055,0.0011,0.0049,0.0083,0.0048
2017-09-08,3424833,1373424,2017,9,28540,11445,17095,-0.03,-0.0859,0.0113,36,29476.0,12511.0,16964.0,29524.0,12736.0,16789.0,28940.0,12560.0,16380.0,-0.0112,-0.0334,0.0054,-0.0033,-0.0173,0.0075,0.0004,-0.0028,0.0046
2017-09-01,3530927,1502414,2017,9,29424,12520,16904,-0.0131,-0.0294,-0.0007,35,29807.0,12934.0,16873.0,29626.0,12960.0,16666.0,28951.0,12645.0,16306.0,-0.0028,-0.013,0.0051,0.0143,0.0258,0.0077,0.0124,0.0159,0.0116
2017-08-25,3577847,1547924,2017,8,29815,12899,16916,-0.0103,-0.0214,-0.0016,34,29892.0,13103.0,16788.0,29250.0,12708.0,16541.0,28648.0,12516.0,16132.0,0.0071,0.0078,0.0067,0.0078,0.0075,0.011,0.0074,0.0096,0.0077
2017-08-18,3614995,1581753,2017,8,30124,13181,16943,0.0086,0.0033,0.0128,33,29686.0,13009.0,16677.0,29056.0,12690.0,16366.0,28482.0,12463.0,16019.0,0.0039,0.0042,0.0039,0.0131,0.0169,0.0132,0.0086,0.0095,0.01
2017-08-11,3584002,1576539,2017,8,29866,13137,16729,0.0035,-0.0045,0.0099,32,29573.0,12960.0,16613.0,28712.0,12555.0,16157.0,28279.0,12410.0,15870.0,0.0045,-0.0013,0.0096,0.0066,0.0097,0.0072,0.0086,0.0088,0.0106
2017-08-04,3571428,1583578,2017,8,29761,13196,16565,0.0265,0.0538,0.0058,31,29444.0,12985.0,16459.0,28556.0,12512.0,16044.0,28079.0,12365.0,15714.0,0.0314,0.0646,0.0104,0.0058,0.0127,0.0035,0.0069,0.0094,0.006999999999999999
2017-07-28,3479104,1502726,2017,7,28992,12522,16470,-0.023,-0.0358,-0.013,30,28608.0,12314.0,16294.0,28422.0,12431.0,15991.0,27928.0,12313.0,15615.0,0.0085,0.0073,0.0152,0.0183,0.0256,0.0156,0.0087,0.0084,0.011
2017-07-21,3560932,1558485,2017,7,29674,12987,16687,0.0111,-0.0187,0.0356,29,28426.0,12370.0,16056.0,27984.0,12222.0,15762.0,27734.0,12276.0,15458.0,0.0223,0.0295,0.0225,0.0113,0.0161,0.0107,0.0109,0.0114,0.0126
2017-07-14,3521900,1588301,2017,7,29349,13235,16114,0.111,0.2593,0.013,28,27850.0,12150.0,15701.0,27731.0,12125.0,15606.0,27476.0,12199.0,15277.0,0.0086,0.0208,0.0047,0.0107,0.0157,0.0099,0.011,0.0134,0.0111
2017-07-07,3170088,1261284,2017,7,26417,10510,15907,-0.0653,-0.1756,0.0253,27,27669.0,12039.0,15630.0,27499.0,12031.0,15468.0,27218.0,12097.0,15121.0,-0.0197,-0.0393,-0.0033,-0.0021,-0.0174,0.0108,-0.0006,-0.0122,0.0095
2017-06-30,3391451,1529801,2017,6,28262,12748,15514,0.0324,0.0531,0.016,26,28236.0,12549.0,15687.0,27604.0,12287.0,15317.0,27268.0,12277.0,14991.0,0.0281,0.044,0.016,0.0036,0.0049,0.003,0.0086,0.0056,0.0117
2017-06-23,3284895,1452619,2017,6,27374,12105,15269,-0.0436,-0.0537,-0.0354,25,27542.0,12074.0,15468.0,27546.0,12259.0,15287.0,27069.0,12233.0,14835.0,0.0004,0.0028,-0.0011,0.0058,0.0033,0.0082,0.0062,0.0028,0.0094
2017-06-16,3434728,1535157,2017,6,28622,12792,15830,-0.0023,0.0191,-0.019,24,27611.0,12100.0,15512.0,27433.0,12250.0,15184.0,26936.0,12223.0,14713.0,0.0128,0.0106,0.0151,0.012,0.0105,0.0136,0.01,0.0061,0.0137
2017-06-09,3442603,1506357,2017,6,28688,12552,16136,0.1258,0.1573,0.1024,23,27328.0,12023.0,15305.0,27146.0,12150.0,14996.0,26696.0,12170.0,14526.0,0.0154,0.0044,0.025,0.0138,0.009000000000000001,0.0181,0.0077,0.0006,0.014
2017-06-02,3058063,1301619,2017,6,25483,10846,14637,-0.0784,-0.1116,-0.0522,22,26972.0,12025.0,14947.0,26810.0,12070.0,14740.0,26517.0,12187.0,14331.0,-0.0208,-0.0341,-0.01,-0.0068,-0.0199,0.0042,-0.0014,-0.0089,0.005
2017-05-26,3318353,1465116,2017,5,27652,12209,15443,0.0059,-0.0222,0.0292,21,27550.0,12444.0,15107.0,27008.0,12320.0,14687.0,26570.0,12303.0,14267.0,0.0113,0.0039,0.0176,0.0098,0.001,0.0175,0.0103,0.0029,0.017
2017-05-19,3298922,1498402,2017,5,27491,12486,15005,0.0084,-0.0058,0.0205,20,27255.0,12400.0,14856.0,26759.0,12316.0,14443.0,26317.0,12276.0,14040.0,0.0113,0.0103,0.0122,0.0091,0.0059,0.0121,0.0083,0.0027,0.0137
2017-05-12,3271624,1507097,2017,5,27263,12559,14704,-0.0191,0.0031,-0.0374,19,26962.0,12276.0,14686.0,26529.0,12251.0,14278.0,26113.0,12252.0,13861.0,0.0122,0.0135,0.0113,0.0088,0.0053,0.0122,0.011,0.0084,0.0136
2017-05-05,3335492,1502473,2017,5,27795,12520,15275,0.05,0.0405,0.0579,18,26647.0,12114.0,14533.0,26309.0,12195.0,14114.0,25849.0,12161.0,13687.0,0.0072,-0.0056,0.0184,0.0071,-0.0016,0.015,0.0127,0.0077,0.0174
2017-04-28,3176726,1444010,2017,4,26472,12033,14439,0.0058,0.0033,0.0078,17,26465.0,12197.0,14268.0,26130.0,12226.0,13904.0,25537.0,12079.0,13458.0,0.0083,-0.0018,0.0174,0.0018,-0.0025,0.0058,0.0091,0.0038,0.0142
2017-04-21,3158467,1439247,2017,4,26320,11993,14327,0.0123,0.006999999999999999,0.0168,16,26263.0,12232.0,14031.0,26092.0,12267.0,13825.0,25321.0,12044.0,13277.0,0.006999999999999999,0.0016,0.0119,0.0104,0.0023,0.018000000000000002,0.0111,0.0062,0.0158
2017-04-14,3120118,1429298,2017,4,26000,11910,14090,-0.0395,-0.0733,-0.0089,15,26096.0,12226.0,13869.0,25847.0,12250.0,13597.0,25062.0,11982.0,13080.0,0.0054,-0.003,0.013,0.0064,-0.0017,0.0141,0.0109,0.0098,0.0122
2017-04-07,3248211,1542261,2017,4,27068,12852,14216,0.0547,0.0558,0.0538,14,25972.0,12276.0,13696.0,25702.0,12282.0,13420.0,24811.0,11882.0,12928.0,0.0071,0.0024,0.0116,0.0166,0.016,0.0176,0.0189,0.0303,0.0108
2017-03-31,3079581,1460819,2017,3,25663,12173,13490,0.0005,0.0169,-0.0139,13,25795.0,12254.0,13540.0,25298.0,12099.0,13199.0,24371.0,11577.0,12793.0,-0.0047,-0.0033,-0.0057,0.0103,0.0083,0.0124,0.0151,0.0346,0.0022
2017-03-24,3078149,1436564,2017,3,25651,11971,13680,0.0058,-0.0112,0.0211,12,25921.0,12301.0,13620.0,25057.0,12009.0,13048.0,24029.0,11257.0,12773.0,0.0137,0.0031,0.024,0.0106,0.0049,0.0162,0.0061,0.0126,0.004
2017-03-17,3060575,1452863,2017,3,25504,12107,13397,-0.0325,-0.0517,-0.0145,11,25598.0,12273.0,13325.0,24809.0,11959.0,12850.0,23905.0,11177.0,12728.0,0.0074,-0.0005,0.0152,0.0137,0.0106,0.017,0.0045,0.0127,0.001
2017-03-10,3163384,1532147,2017,3,26361,12767,13594,0.0073,0.0329,-0.0156,10,25433.0,12288.0,13145.0,24490.0,11844.0,12646.0,23820.0,11095.0,12724.0,0.0261,0.0296,0.0235,0.019,0.0238,0.0152,0.0086,0.0187,0.0034
2017-03-03,3140373,1483266,2017,3,26169,12360,13809,0.0743,0.0422,0.1048,9,24800.0,11943.0,12857.0,24036.0,11575.0,12462.0,23630.0,10942.0,12688.0,0.0253,0.0199,0.0306,0.0262,0.044,0.0137,0.0088,0.0211,0.0023
2017-02-24,2923062,1423101,2017,2,24358,11859,12499,-0.0195,-0.0252,-0.014,8,24194.0,11716.0,12477.0,23434.0,11141.0,12293.0,23437.0,10770.0,12667.0,0.0075,0.0068,0.0084,0.0176,0.0525,-0.0066,0.0176,0.0392,0.0042
2017-02-17,2981247,1459998,2017,2,24843,12166,12677,0.0424,0.0683,0.0187,7,24020.0,11645.0,12375.0,23042.0,10659.0,12383.0,23095.0,10467.0,12627.0,0.0201,0.0217,0.0188,0.0055,0.0222,-0.0037,0.0099,0.0268,-0.0001
2017-02-10,2859894,1366633,2017,2,23832,11388,12444,0.0038,-0.0057,0.0127,6,23547.0,11400.0,12148.0,22941.0,10505.0,12436.0,22923.0,10281.0,12642.0,0.0119,0.0181,0.0069,-0.0017,0.0124,-0.0083,0.0094,0.0231,0.0021
2017-02-03,2849001,1374455,2017,2,23741,11453,12288,0.0033,-0.0103,0.0164,5,23272.0,11206.0,12066.0,23011.0,10462.0,12549.0,22770.0,10139.0,12631.0,0.0272,0.068,-0.0031,0.0005,0.0163,-0.0078,0.0075,0.0224,-0.0008
2017-01-27,2839537,1388709,2017,1,23662,11572,12090,0.0308,0.0345,0.0274,4,22674.0,10566.0,12108.0,23031.0,10377.0,12654.0,22658.0,10003.0,12655.0,0.0278,0.0983,-0.0217,0.0013,0.0256,-0.0136,0.0091,0.0246,0.0001
2017-01-20,2754488,1342388,2017,1,22954,11186,11768,0.0098,0.0538,-0.0288,3,22066.0,9674.0,12392.0,23031.0,10196.0,12834.0,22513.0,9844.0,12669.0,-0.0091,0.0227,-0.0261,0.021,0.0559,-0.0008,0.0081,0.0247,-0.0017
2017-01-13,2727928,1273878,2017,1,22732,10615,12117,0.0648,0.1942,-0.0275,2,22335.0,9611.0,12724.0,22650.0,9789.0,12861.0,22393.0,9690.0,12703.0,-0.0152,0.0067,-0.0236,0.0049,0.0259,-0.0059,0.0083,0.0198,0.0028
2017-01-06,2561833,1066734,2017,1,21348,8889,12459,0.0057,0.1106,-0.0578,1,22750.0,9718.0,13032.0,22635.0,9679.0,12956.0,22271.0,9587.0,12684.0,-0.0262,-0.0355,-0.0125,0.0012,0.0042,0.0034,0.0003,0.0038,0.0005
2016-12-30,2547443,960587,2016,12,21228,8004,13224,-0.1167,-0.268,0.0097,52,23388.0,10189.0,13199.0,22696.0,9761.0,12935.0,22320.0,9627.0,12694.0,-0.0252,-0.0472,-0.0056,-0.0021,-0.0115,0.0076,0.0022,-0.0052,0.0096
2016-12-23,2883934,1312303,2016,12,24032,10935,13097,-0.0148,-0.01,-0.0188,51,23996.0,10719.0,13277.0,22829.0,9971.0,12858.0,22328.0,9739.0,12589.0,0.0512,0.0892,0.0244,0.0154,0.0243,0.0098,0.0138,0.019,0.0107
2016-12-16,2927347,1325573,2016,12,24394,11046,13348,0.0208,0.0255,0.0168,50,22964.0,9967.0,12998.0,22547.0,9793.0,12754.0,22067.0,9594.0,12473.0,0.025,0.0452,0.0118,0.0196,0.0301,0.0127,0.0134,0.0204,0.0089
2016-12-09,2867838,1292613,2016,12,23898,10771,13127,0.0101,0.0638,-0.0301,49,22519.0,9640.0,12879.0,22172.0,9560.0,12612.0,21812.0,9434.0,12378.0,0.0286,0.0439,0.0193,0.0185,0.0257,0.0142,0.0163,0.026,0.01
2016-12-02,2839267,1215025,2016,12,23660,10125,13535,0.1886,0.2776,0.1297,48,22004.0,9333.0,12671.0,21827.0,9372.0,12455.0,21504.0,9234.0,12270.0,0.021,0.0242,0.0207,0.0124,0.0159,0.0109,0.0122,0.014,0.012
2016-11-25,2388724,951118,2016,11,19906,7925,11981,-0.1196,-0.1862,-0.0693,47,21662.0,9223.0,12438.0,21619.0,9283.0,12336.0,21283.0,9147.0,12136.0,-0.0203,-0.0406,-0.0049,-0.0073,-0.0196,0.0022,-0.001,-0.0078,0.0045
2016-11-18,2713427,1168614,2016,11,22611,9738,12873,0.0354,0.0204,0.047,46,22130.0,9620.0,12511.0,21797.0,9476.0,12321.0,21326.0,9233.0,12092.0,0.0142,0.015,0.0136,0.0118,0.0096,0.0138,0.0094,0.0086,0.0104
2016-11-11,2620666,1145170,2016,11,21838,9543,12295,-0.0203,-0.0148,-0.0246,45,21825.0,9480.0,12345.0,21550.0,9389.0,12161.0,21135.0,9162.0,11974.0,0.0083,0.0074,0.0091,0.0048,0.008,0.0027,0.0059,0.0056,0.0065
2016-11-04,2675034,1162413,2016,11,22291,9686,12605,0.0234,0.0184,0.0273,44,21650.0,9412.0,12238.0,21455.0,9318.0,12137.0,21021.0,9118.0,11903.0,0.0037,0.0075,0.001,0.0147,0.0221,0.0097,0.006,0.0061,0.0063
2016-10-28,2613736,1141401,2016,10,21781,9511,12270,0.0183,0.0361,0.0049,43,21576.0,9343.0,12233.0,21156.0,9128.0,12028.0,20901.0,9069.0,11832.0,0.0056,0.0013,0.0094,0.0064,0.0083,0.0057,0.0093,0.0094,0.0098
2016-10-21,2566828,1101705,2016,10,21390,9180,12210,0.0118,-0.0099,0.0288,42,21464.0,9333.0,12131.0,21032.0,9064.0,11968.0,20721.0,8994.0,11727.0,0.0094,0.0041,0.0139,0.0062,0.0032,0.0092,0.0054,0.0031,0.0076
2016-10-14,2536827,1112679,2016,10,21140,9272,11868,-0.0388,-0.0147,-0.0568,41,21276.0,9298.0,11978.0,20915.0,9047.0,11868.0,20622.0,8975.0,11647.0,0.0013,0.0086,-0.0038,0.0067,0.0077,0.0065,0.0076,0.0098,0.0064
2016-10-07,2639213,1129294,2016,10,21993,9410,12583,0.031,-0.0062,0.0607,40,21259.0,9223.0,12036.0,20790.0,8989.0,11802.0,20482.0,8900.0,11582.0,0.0257,0.0367,0.0183,0.0103,0.0072,0.0132,0.0155,0.0212,0.0121
2016-09-30,2559868,1136352,2016,9,21332,9469,11863,0.0336,0.0473,0.0229,39,20737.0,8913.0,11824.0,20584.0,8934.0,11650.0,20187.0,8739.0,11448.0,0.0073,0.0154,0.002,0.004,0.006999999999999999,0.0021,0.008,0.0114,0.0062
2016-09-23,2476570,1084939,2016,9,20638,9041,11597,-0.0207,0.0078,-0.0418,38,20600.0,8794.0,11806.0,20510.0,8882.0,11628.0,20042.0,8661.0,11382.0,0.0029,0.0022,0.0045,0.0082,0.0086,0.0083,0.0089,0.0103,0.0088
2016-09-16,2528932,1076570,2016,9,21074,8971,12103,0.0588,0.0979,0.0316,37,20554.0,8795.0,11759.0,20360.0,8818.0,11542.0,19886.0,8595.0,11291.0,0.012,0.0069,0.0167,0.0066,0.002,0.0106,0.0087,0.0071,0.0108
2016-09-09,2388449,980571,2016,9,19903,8171,11732,-0.0424,-0.0916,-0.0049,36,20321.0,8754.0,11566.0,20239.0,8814.0,11425.0,19730.0,8556.0,11174.0,-0.0052,-0.0222,0.008,0.0044,-0.0005,0.0083,0.0051,0.0002,0.0095
2016-09-02,2494242,1079438,2016,9,20785,8995,11790,0.0161,-0.0054,0.0331,35,20431.0,8956.0,11476.0,20166.0,8829.0,11336.0,19647.0,8573.0,11074.0,0.0007,-0.0013,0.0023,0.0176,0.0275,0.011,0.0141,0.0191,0.0113
2016-08-26,2454810,1085359,2016,8,20456,9044,11412,0.0157,0.0268,0.0071,34,20420.0,8969.0,11451.0,19837.0,8620.0,11217.0,19396.0,8440.0,10955.0,0.0134,0.0151,0.0122,0.0073,0.0115,0.005,0.0098,0.0121,0.0091
2016-08-19,2416914,1056984,2016,8,20140,8808,11332,-0.01,-0.0187,-0.0032,33,20166.0,8842.0,11324.0,19712.0,8546.0,11166.0,19226.0,8364.0,10862.0,0.0012,-0.0029,0.0045,0.0111,0.0122,0.0111,0.0078,0.0076,0.0092
2016-08-12,2441353,1077205,2016,8,20344,8976,11368,-0.0191,-0.0081,-0.0277,32,20156.0,8874.0,11283.0,19520.0,8468.0,11052.0,19094.0,8326.0,10768.0,0.0139,0.0212,0.0085,0.0094,0.0104,0.0096,0.0095,0.0108,0.0096
2016-08-05,2488950,1085996,2016,8,20741,9049,11692,0.0671,0.0603,0.0724,31,19900.0,8703.0,11197.0,19358.0,8404.0,10954.0,18930.0,8261.0,10669.0,0.0346,0.0564,0.0198,0.0132,0.0125,0.0148,0.0094,0.0096,0.0104
2016-07-29,2332511,1024176,2016,7,19437,8534,10903,-0.0332,-0.045,-0.0237,30,19254.0,8271.0,10983.0,19119.0,8322.0,10797.0,18765.0,8205.0,10560.0,0.0012,0.0079,-0.0021,0.0142,0.0242,0.0081,0.0068,0.0084,0.0066
2016-07-22,2412570,1072415,2016,7,20104,8936,11168,0.0407,0.0775,0.0131,29,19258.0,8250.0,11008.0,18878.0,8164.0,10714.0,18654.0,8162.0,10493.0,0.0209,0.0273,0.0178,0.0134,0.0178,0.0117,0.0135,0.0162,0.0125
2016-07-15,2318102,995218,2016,7,19317,8293,11024,0.0638,0.1328,0.0172,28,18884.0,8062.0,10822.0,18646.0,8054.0,10592.0,18421.0,8055.0,10367.0,0.0049,-0.0004,0.0107,0.006999999999999999,0.0042,0.011,0.008,0.0071,0.0097
2016-07-08,2179121,878572,2016,7,18159,7321,10838,-0.0666,-0.1336,-0.0151,27,18816.0,8105.0,10711.0,18534.0,8056.0,10478.0,18291.0,8022.0,10269.0,-0.0082,-0.0315,0.0099,0.0005,-0.0097,0.0092,0.0034,-0.0032,0.0091
2016-07-01,2334481,1014113,2016,7,19454,8450,11004,0.0457,0.0326,0.0559,26,18983.0,8373.0,10610.0,18542.0,8157.0,10385.0,18243.0,8064.0,10179.0,0.0272,0.0406,0.0183,0.0063,0.004,0.009000000000000001,0.0117,0.0105,0.0133
2016-06-24,2232543,982034,2016,6,18604,8183,10421,-0.0232,-0.0334,-0.015,25,18498.0,8078.0,10420.0,18434.0,8142.0,10292.0,18042.0,7994.0,10048.0,0.0058,0.0082,0.0056,0.0047,0.0057,0.0048,0.0094,0.0089,0.0104
2016-06-17,2285532,1015958,2016,6,19046,8466,10580,0.0115,0.0086,0.0139,24,18408.0,8046.0,10363.0,18359.0,8115.0,10244.0,17887.0,7938.0,9948.0,0.0092,0.0087,0.0113,0.0144,0.0168,0.0133,0.0107,0.0112,0.0109
2016-06-10,2259545,1007313,2016,6,18829,8394,10435,0.075,0.1544,0.0186,23,18253.0,8007.0,10246.0,18112.0,8000.0,10112.0,17706.0,7862.0,9843.0,0.0091,0.0121,0.0085,0.0091,0.0107,0.0087,0.0102,0.0078,0.013
2016-06-03,2101853,872579,2016,6,17515,7271,10244,-0.04,-0.0969,0.005,22,18100.0,7941.0,10160.0,17961.0,7934.0,10027.0,17534.0,7813.0,9721.0,-0.0147,-0.0325,-0.0004,0.0002,-0.0088,0.0075,0.0016,-0.0069,0.0086
2016-05-27,2189300,966234,2016,5,18244,8051,10193,-0.0098,-0.0313,0.0079,21,18370.0,8206.0,10164.0,17964.0,8009.0,9955.0,17514.0,7872.0,9642.0,0.0035,0.0032,0.004,0.0104,0.0089,0.0118,0.0088,0.003,0.0139
2016-05-20,2210912,997380,2016,5,18424,8311,10113,0.0113,0.0223,0.0025,20,18309.0,8184.0,10124.0,17789.0,7945.0,9843.0,17369.0,7853.0,9516.0,0.0195,0.0249,0.0153,0.0136,0.0143,0.0132,0.0118,0.0076,0.0157
2016-05-13,2186170,975692,2016,5,18218,8130,10088,-0.0202,-0.024,-0.0171,19,17972.0,7994.0,9978.0,17558.0,7838.0,9720.0,17175.0,7797.0,9378.0,0.009000000000000001,0.0094,0.0088,0.0114,0.0111,0.0116,0.0125,0.0096,0.0152
2016-05-06,2231264,999668,2016,5,18593,8330,10263,0.0329,0.0456,0.0228,18,17822.0,7926.0,9895.0,17368.0,7757.0,9611.0,16972.0,7728.0,9244.0,0.0151,0.0148,0.0155,0.0146,0.0097,0.019,0.0134,0.0096,0.0169
2016-04-29,2160135,956067,2016,4,18001,7967,10034,0.0542,0.0557,0.0531,17,17558.0,7813.0,9746.0,17119.0,7684.0,9435.0,16751.0,7658.0,9093.0,0.0173,0.0146,0.0195,0.0058,-0.0006,0.0113,0.0151,0.0102,0.0194
2016-04-22,2049056,905651,2016,4,17075,7547,9528,-0.0308,-0.0399,-0.0234,16,17268.0,7706.0,9562.0,17025.0,7694.0,9331.0,16512.0,7586.0,8926.0,0.0077,0.0036,0.011,0.0057,-0.0037,0.014,0.0112,0.0071,0.0148
2016-04-15,2114071,943427,2016,4,17617,7861,9756,0.0043,-0.002,0.0095,15,17145.0,7683.0,9462.0,16936.0,7726.0,9211.0,16341.0,7539.0,8802.0,0.0137,0.0128,0.0144,0.0133,0.0049,0.0207,0.0102,0.0087,0.0117
2016-04-08,2105007,945336,2016,4,17541,7877,9664,0.0416,0.0447,0.039,14,16914.0,7587.0,9328.0,16721.0,7691.0,9030.0,16180.0,7478.0,8702.0,0.0141,0.0045,0.0224,0.0153,0.0111,0.0191,0.0112,0.0163,0.0078
2016-04-01,2020929,904882,2016,4,16841,7540,9301,0.0157,0.0117,0.019,13,16679.0,7555.0,9124.0,16476.0,7611.0,8865.0,16005.0,7368.0,8637.0,-0.0058,-0.0158,0.003,0.009000000000000001,0.0026,0.0148,0.0135,0.0277,0.0046
2016-03-25,1989751,894426,2016,3,16581,7453,9128,-0.0068,-0.0033,-0.0097,12,16782.0,7681.0,9100.0,16335.0,7595.0,8740.0,15806.0,7203.0,8603.0,0.0038,-0.011,0.017,0.0139,0.0079,0.0193,0.0182,0.024,0.0154
2016-03-18,2003419,897442,2016,3,16695,7478,9217,0.0058,-0.035,0.0415,11,16728.0,7768.0,8960.0,16126.0,7543.0,8583.0,15548.0,7061.0,8488.0,0.013,-0.0029,0.027000000000000003,0.0152,0.0102,0.0198,0.0057,0.0076,0.0061
2016-03-11,1991902,929978,2016,3,16599,7749,8850,-0.0378,-0.0368,-0.0387,10,16528.0,7794.0,8734.0,15895.0,7474.0,8420.0,15489.0,7036.0,8454.0,0.0166,0.0177,0.0158,0.009000000000000001,0.0121,0.0066,0.0067,0.0123,0.0039
2016-03-04,2070121,965486,2016,3,17251,8045,9206,0.054000000000000006,0.0313,0.0747,9,16273.0,7667.0,8606.0,15761.0,7390.0,8371.0,15415.0,6976.0,8439.0,0.0238,0.021,0.0266,0.0159,0.0289,0.0063,0.0094,0.019,0.0037
2016-02-26,1964096,936233,2016,2,16367,7801,8566,0.0298,0.0289,0.0306,8,15889.0,7509.0,8380.0,15512.0,7189.0,8323.0,15293.0,6868.0,8426.0,0.024,0.0267,0.0217,0.018000000000000002,0.049,-0.0034,0.0232,0.036000000000000004,0.0149
2016-02-19,1907367,909864,2016,2,15894,7582,8312,0.0202,0.0474,-0.0035,7,15523.0,7318.0,8206.0,15248.0,6889.0,8358.0,15012.0,6675.0,8336.0,0.0175,0.0232,0.0126,0.0239,0.0409,0.0126,0.0083,0.0154,0.0047
2016-02-12,1869711,868754,2016,2,15580,7239,8341,-0.0087,-0.0237,0.0048,6,15262.0,7155.0,8107.0,14915.0,6642.0,8274.0,14959.0,6628.0,8331.0,0.0014,0.0064,-0.0026,0.0002,0.0079,-0.0032,0.0097,0.0161,0.006999999999999999
2016-02-05,1885933,889828,2016,2,15716,7415,8301,0.0546,0.0542,0.0549,5,15249.0,7112.0,8136.0,14959.0,6631.0,8328.0,14886.0,6578.0,8308.0,0.008,0.0368,-0.014,0.0037,0.0142,-0.0021,0.0117,0.0202,0.006999999999999999
2016-01-29,1788424,844161,2016,1,14903,7034,7869,0.0038,0.0149,-0.0059,4,15135.0,6869.0,8266.0,14948.0,6576.0,8373.0,14784.0,6500.0,8284.0,0.012,0.0712,-0.0286,-0.0035,0.0136,-0.0141,0.0098,0.0179,0.0055
2016-01-22,1781646,831749,2016,1,14847,6931,7916,-0.044,-0.0197,-0.0643,3,14972.0,6461.0,8511.0,15044.0,6526.0,8518.0,14713.0,6440.0,8273.0,0.0303,0.0587,0.0127,0.0253,0.0433,0.0141,0.009000000000000001,0.0161,0.0055
2016-01-15,1863603,848420,2016,1,15530,7070,8460,0.0177,0.0977,-0.0407,2,14569.0,6129.0,8440.0,14776.0,6322.0,8454.0,14653.0,6391.0,8262.0,-0.001,0.0093,-0.0037,0.0102,0.0159,0.0093,0.0142,0.02,0.0119
2016-01-08,1831280,772932,2016,1,15260,6441,8819,0.0707,0.1921,-0.0034,1,14669.0,6150.0,8519.0,14736.0,6309.0,8428.0,14515.0,6318.0,8197.0,-0.0006,-0.0084,0.0097,0.0129,0.0107,0.0177,0.0122,0.0119,0.0144
2016-01-01,1710265,648431,2016,1,14252,5403,8849,0.0769,-0.0354,0.1593,52,14762.0,6282.0,8479.0,14658.0,6328.0,8330.0,14407.0,6297.0,8110.0,-0.0189,-0.0441,0.0003,0.0061,-0.0095,0.0188,0.0057,-0.0044,0.0139
2015-12-25,1588123,672198,2015,12,13234,5601,7633,-0.1692,-0.2173,-0.13,51,15116.0,6592.0,8525.0,14676.0,6453.0,8223.0,14392.0,6365.0,8027.0,0.0202,0.028,0.0154,0.0002,-0.0022,0.0033,0.0038,0.0017,0.0061
2015-12-18,1911665,858720,2015,12,15930,7156,8774,0.0192,0.0268,0.013,50,14984.0,6516.0,8468.0,14769.0,6534.0,8234.0,14401.0,6397.0,8004.0,0.0213,0.0226,0.0224,0.0206,0.0241,0.0188,0.0159,0.0186,0.0143
2015-12-11,1875649,836291,2015,12,15630,6969,8661,-0.0027,0.0495,-0.0411,49,14804.0,6468.0,8336.0,14536.0,6427.0,8109.0,14216.0,6309.0,7907.0,0.0264,0.0299,0.0257,0.0212,0.0245,0.0196,0.0234,0.0345,0.0163
2015-12-04,1880720,796810,2015,12,15672,6640,9032,0.2336,0.2528,0.2199,48,14554.0,6374.0,8180.0,14299.0,6320.0,7979.0,13944.0,6147.0,7797.0,0.0312,0.0251,0.0372,0.0205,0.0173,0.0236,0.0132,0.0151,0.013
2015-11-27,1524532,636000,2015,11,12704,5300,7404,-0.1648,-0.2387,-0.1023,47,14235.0,6314.0,7921.0,14072.0,6261.0,7811.0,13816.0,6106.0,7709.0,-0.0197,-0.0323,-0.0089,-0.0104,-0.0168,-0.005,0.0045,0.0044,0.0057
2015-11-20,1825216,835497,2015,11,15210,6962,8248,0.0396,0.0558,0.0264,46,14553.0,6552.0,8001.0,14240.0,6385.0,7856.0,13800.0,6120.0,7679.0,0.0198,0.0255,0.0152,0.0167,0.0187,0.015,0.0141,0.0176,0.0123
2015-11-13,1755678,791362,2015,11,14630,6594,8036,0.0163,0.0305,0.0049,45,14268.0,6386.0,7882.0,14008.0,6267.0,7742.0,13631.0,6037.0,7594.0,0.016,0.0191,0.0135,0.0102,0.0119,0.0088,0.0119,0.0171,0.0089
2015-11-06,1727543,767889,2015,11,14396,6399,7997,0.03,0.0233,0.0353,44,14044.0,6267.0,7778.0,13870.0,6193.0,7676.0,13495.0,5961.0,7534.0,0.0098,0.0095,0.01,0.0228,0.0373,0.013,0.0087,0.012,0.0072
2015-10-30,1677348,750469,2015,10,13977,6253,7724,-0.0066,-0.0075,-0.0059,43,13909.0,6208.0,7700.0,13583.0,6002.0,7581.0,13403.0,5916.0,7488.0,-0.0012,-0.0013,-0.0011,0.0021,0.0091,-0.0018,0.0114,0.0159,0.009000000000000001
2015-10-23,1688464,756007,2015,10,14070,6300,7770,0.0244,0.0301,0.0198,42,13927.0,6217.0,7710.0,13586.0,5984.0,7602.0,13282.0,5851.0,7430.0,0.0135,0.0118,0.0148,0.018000000000000002,0.0243,0.0145,0.012,0.0159,0.01
2015-10-16,1648311,733927,2015,10,13735,6116,7619,-0.0085,-0.0078,-0.0091,41,13748.0,6147.0,7602.0,13389.0,5882.0,7507.0,13152.0,5786.0,7366.0,0.0043,0.0047,0.004,0.0099,0.0121,0.01,0.0095,0.0116,0.0089
2015-10-09,1662377,739775,2015,10,13853,6164,7689,-0.014,-0.0199,-0.0093,40,13694.0,6120.0,7575.0,13299.0,5852.0,7446.0,13056.0,5746.0,7310.0,0.0357,0.0652,0.0159,0.0124,0.0192,0.0088,0.0131,0.0185,0.01
2015-10-02,1686013,754788,2015,10,14050,6289,7761,0.052000000000000005,0.045,0.0578,39,13257.0,5796.0,7461.0,13176.0,5782.0,7393.0,12915.0,5669.0,7246.0,0.0054,0.0195,-0.0026,0.011,0.0172,0.0079,0.0155,0.0216,0.0119
2015-09-25,1602639,722177,2015,9,13355,6018,7337,-0.0122,0.0017,-0.0233,38,13244.0,5750.0,7494.0,13070.0,5723.0,7347.0,12744.0,5576.0,7168.0,0.0224,0.0367,0.0142,0.0126,0.0208,0.008,0.0115,0.0139,0.011
2015-09-18,1622451,721023,2015,9,13520,6008,7512,0.117,0.2339,0.0383,37,13030.0,5616.0,7413.0,12950.0,5647.0,7302.0,12626.0,5525.0,7100.0,0.0155,0.0194,0.0159,0.0143,0.0197,0.0118,0.0114,0.0168,0.0088
2015-09-11,1452539,584290,2015,9,12104,4869,7235,-0.1353,-0.2027,-0.0831,36,12903.0,5585.0,7318.0,12808.0,5578.0,7230.0,12507.0,5460.0,7047.0,-0.0109,-0.0268,0.0018,-0.0014,-0.0127,0.0076,0.0025,-0.004,0.0083
2015-09-04,1679764,732958,2015,9,13998,6107,7891,0.1202,0.114,0.125,35,13094.0,5769.0,7325.0,12856.0,5668.0,7188.0,12496.0,5498.0,6998.0,0.0166,0.015,0.0183,0.0203,0.0229,0.0188,0.0128,0.0116,0.0144
2015-08-28,1499539,657910,2015,8,12496,5482,7014,-0.0398,-0.0678,-0.0167,34,12895.0,5695.0,7200.0,12609.0,5551.0,7058.0,12340.0,5440.0,6901.0,0.0029,0.0048,0.0017,0.0074,0.0111,0.0051,0.0173,0.022,0.0145
2015-08-21,1561681,705736,2015,8,13014,5881,7133,0.0113,0.0491,-0.0179,33,12870.0,5678.0,7192.0,12525.0,5500.0,7025.0,12162.0,5348.0,6814.0,0.013,0.02,0.0077,0.0125,0.0127,0.0129,0.0112,0.0153,0.0088
2015-08-14,1544315,672834,2015,8,12869,5606,7263,-0.0252,-0.0353,-0.0173,32,12712.0,5571.0,7142.0,12375.0,5435.0,6940.0,12048.0,5286.0,6763.0,0.008,0.0014,0.0134,0.0094,0.0115,0.0085,0.009000000000000001,0.009000000000000001,0.0098
2015-08-07,1584276,697337,2015,8,13202,5811,7391,0.0652,0.0733,0.0589,31,12618.0,5568.0,7050.0,12264.0,5380.0,6884.0,11962.0,5258.0,6704.0,0.024,0.0307,0.0193,0.0127,0.0113,0.0147,0.0103,0.0107,0.0109
2015-07-31,1487383,649697,2015,7,12394,5414,6980,0.0008,-0.006999999999999999,0.0069,30,12323.0,5408.0,6916.0,12108.0,5323.0,6786.0,11857.0,5220.0,6637.0,0.012,0.0173,0.0084,0.0044,0.0022,0.006999999999999999,0.01,0.0114,0.0098
2015-07-24,1486089,654325,2015,7,12384,5452,6932,-0.0086,-0.0256,0.0052,29,12180.0,5322.0,6858.0,12056.0,5316.0,6741.0,11761.0,5181.0,6580.0,0.012,0.0054,0.0182,0.0265,0.0342,0.0218,0.0132,0.017,0.0111
2015-07-17,1499034,671400,2015,7,12491,5595,6896,0.0388,0.0822,0.0061,28,12038.0,5300.0,6738.0,11780.0,5170.0,6610.0,11632.0,5116.0,6516.0,0.0108,0.0216,0.0036,0.0127,0.0181,0.0098,0.011,0.0143,0.0093
2015-07-10,1442936,620489,2015,7,12024,5170,6854,0.0171,0.0195,0.0153,27,11909.0,5191.0,6718.0,11661.0,5104.0,6557.0,11526.0,5063.0,6463.0,0.0014,-0.0081,0.0101,0.0057,0.0037,0.0085,0.0091,0.0111,0.0084
2015-07-03,1418668,608607,2015,7,11822,5071,6751,0.0005,-0.0544,0.0462,26,11894.0,5238.0,6656.0,11626.0,5114.0,6512.0,11444.0,5027.0,6417.0,-0.0032,-0.0129,0.0055,0.0026,-0.0004,0.0062,0.0118,0.011,0.0133
2015-06-26,1417957,643661,2015,6,11816,5363,6453,-0.0133,0.0391,-0.053,25,11932.0,5309.0,6624.0,11628.0,5144.0,6483.0,11336.0,4993.0,6343.0,0.0411,0.0629,0.0255,0.0102,0.0167,0.0059,0.0108,0.0113,0.0113
2015-06-19,1437105,619332,2015,6,11975,5161,6814,0.0012,-0.0366,0.0318,24,11521.0,5040.0,6481.0,11545.0,5087.0,6457.0,11239.0,4956.0,6283.0,0.0147,0.0145,0.0159,0.0171,0.0199,0.0155,0.0106,0.0058,0.0153
2015-06-12,1435386,642873,2015,6,11961,5357,6604,-0.0014,0.0004,-0.0029,23,11413.0,5018.0,6395.0,11386.0,5018.0,6368.0,11142.0,4946.0,6196.0,0.0101,0.0154,0.0069,0.0124,0.017,0.0094,0.0095,0.0076,0.0118
2015-06-05,1437426,642624,2015,6,11978,5355,6623,0.1778,0.2488,0.126,22,11359.0,4990.0,6369.0,11280.0,4962.0,6318.0,11058.0,4927.0,6131.0,0.0086,0.012,0.0069,0.0143,0.0221,0.0089,0.0108,0.0095,0.0125
2015-05-29,1220494,514625,2015,5,10170,4288,5882,-0.1189,-0.1544,-0.0912,21,11323.0,4980.0,6343.0,11153.0,4881.0,6272.0,10960.0,4898.0,6062.0,-0.0206,-0.0295,-0.0136,-0.0015,-0.0068,0.003,-0.0012,-0.0101,0.0065
2015-05-22,1385216,608520,2015,5,11543,5071,6472,-0.0171,-0.033,-0.0043,20,11568.0,5134.0,6434.0,11184.0,4924.0,6260.0,10984.0,4954.0,6030.0,0.0195,0.0253,0.0152,0.0119,0.0061,0.017,0.0122,0.0098,0.0146
2015-05-15,1409281,629371,2015,5,11744,5244,6500,-0.0076,-0.0134,-0.0029,19,11360.0,5019.0,6340.0,11060.0,4899.0,6161.0,10859.0,4913.0,5946.0,0.0147,0.0186,0.0118,0.012,0.0063,0.0174,0.0108,0.0085,0.0133
2015-05-08,1420115,637845,2015,5,11834,5315,6519,0.0612,0.0829,0.044,18,11202.0,4934.0,6268.0,10932.0,4874.0,6058.0,10746.0,4877.0,5869.0,0.0201,0.0322,0.0109,0.0113,0.0062,0.0161,0.0119,0.0094,0.0145
2015-05-01,1338316,589004,2015,5,11152,4908,6244,0.0415,0.0649,0.0238,17,10983.0,4782.0,6200.0,10811.0,4848.0,5964.0,10621.0,4836.0,5786.0,0.0177,0.0159,0.0196,0.0056,-0.0009,0.0114,0.0118,0.0079,0.0155
2015-04-24,1285050,553155,2015,4,10708,4609,6099,-0.0364,-0.06,-0.0177,16,10800.0,4713.0,6087.0,10755.0,4856.0,5899.0,10505.0,4804.0,5701.0,0.0042,-0.0131,0.0189,0.0031,-0.0098,0.0144,0.0103,0.0022,0.0177
2015-04-17,1333478,588453,2015,4,11112,4903,6209,0.014,0.041,-0.0064,15,10761.0,4780.0,5981.0,10726.0,4907.0,5819.0,10406.0,4798.0,5607.0,0.0094,-0.006,0.023,0.0146,0.0107,0.0184,0.0103,0.0083,0.0127
2015-04-10,1315102,565232,2015,4,10959,4710,6249,0.0516,0.0175,0.0789,14,10662.0,4813.0,5849.0,10577.0,4861.0,5716.0,10304.0,4764.0,5540.0,0.0025,-0.0197,0.0212,0.0085,-0.0005,0.0165,0.01,0.008,0.0121
2015-04-03,1250639,555518,2015,4,10421,4629,5792,-0.0123,-0.0509,0.0208,13,10640.0,4912.0,5727.0,10492.0,4869.0,5623.0,10206.0,4732.0,5474.0,-0.0066,-0.0177,0.0031,0.0029,-0.003,0.0083,0.0091,0.0226,0.0013
2015-03-27,1266164,585304,2015,3,10551,4877,5674,-0.0157,-0.0318,-0.0014,12,10710.0,5000.0,5710.0,10465.0,4888.0,5577.0,10121.0,4649.0,5472.0,0.002,-0.0066,0.0099,0.0119,0.0113,0.0127,0.0188,0.0294,0.0125
2015-03-20,1286340,604474,2015,3,10719,5037,5682,-0.0136,-0.0137,-0.0135,11,10690.0,5034.0,5657.0,10351.0,4840.0,5511.0,9953.0,4538.0,5415.0,0.0198,0.0275,0.0139,0.0167,0.0141,0.0194,0.0048,0.01,0.0029
2015-03-13,1304061,612869,2015,3,10867,5107,5760,0.0153,0.0257,0.0063,10,10491.0,4909.0,5582.0,10189.0,4778.0,5411.0,9931.0,4518.0,5412.0,0.0146,0.0186,0.0117,0.0138,0.0182,0.0108,0.0067,0.0101,0.0063
2015-03-06,1284388,597521,2015,3,10703,4979,5724,0.022,-0.0066,0.0482,9,10344.0,4825.0,5518.0,10054.0,4696.0,5357.0,9889.0,4498.0,5391.0,0.0124,0.0117,0.0136,0.0131,0.0197,0.0083,0.0045,0.0158,-0.0014
2015-02-27,1256831,601442,2015,2,10473,5012,5461,0.0556,0.1045,0.0145,8,10221.0,4776.0,5445.0,9927.0,4611.0,5316.0,9870.0,4454.0,5415.0,0.0218,0.0293,0.0156,0.0154,0.0464,-0.0055,0.0174,0.0324,0.0083
2015-02-20,1190534,544566,2015,2,9921,4538,5383,-0.0346,-0.049,-0.0222,7,10012.0,4647.0,5365.0,9782.0,4429.0,5354.0,9740.0,4349.0,5391.0,0.0135,0.0007,0.025,0.0227,0.038,0.0136,0.0067,0.014,0.004
2015-02-13,1233321,572708,2015,2,10277,4772,5505,0.0064,-0.0021,0.0138,6,9888.0,4647.0,5240.0,9588.0,4290.0,5298.0,9714.0,4324.0,5390.0,0.013,0.0177,0.0099,0.0021,0.0087,0.0005,0.0111,0.018000000000000002,0.0087
2015-02-06,1225546,573959,2015,2,10212,4782,5430,0.0598,0.0638,0.0562,5,9764.0,4568.0,5196.0,9607.0,4292.0,5316.0,9644.0,4280.0,5365.0,0.0138,0.0277,0.0031,0.0027,0.0074,0.0027,0.008,0.016,0.0047
2015-01-30,1156392,539509,2015,1,9636,4495,5141,0.0224,-0.0097,0.0522,4,9634.0,4445.0,5188.0,9621.0,4299.0,5322.0,9605.0,4244.0,5360.0,0.0089,0.0636,-0.0266,-0.0063,0.0119,-0.0161,0.0047,0.0107,0.003
2015-01-23,1131062,544697,2015,1,9425,4539,4886,-0.0365,0.0189,-0.0828,3,9553.0,4210.0,5343.0,9723.0,4288.0,5435.0,9597.0,4233.0,5364.0,0.0318,0.0753,0.0021,0.0145,0.0393,-0.0008,0.0056,0.0154,0.0005
2015-01-16,1173937,534612,2015,1,9782,4455,5327,0.0094,0.038,-0.0133,2,9288.0,3933.0,5355.0,9644.0,4176.0,5468.0,9582.0,4201.0,5381.0,-0.0087,-0.0003,-0.0089,0.0088,0.02,0.0044,0.0101,0.0147,0.0094
2015-01-09,1162935,515130,2015,1,9691,4292,5399,0.0404,0.207,-0.0625,1,9451.0,4015.0,5436.0,9619.0,4146.0,5473.0,9524.0,4173.0,5351.0,-0.0083,-0.0129,0.0024,0.0104,0.0157,0.0109,0.0089,0.0128,0.0088
2015-01-02,1117802,426801,2015,1,9315,3556,5759,0.114,0.0373,0.1672,52,9609.0,4154.0,5455.0,9578.0,4134.0,5444.0,9477.0,4154.0,5323.0,-0.0215,-0.0397,-0.0056,0.0011,-0.0138,0.014,0.0045,-0.0044,0.0123
2014-12-26,1003498,411373,2014,12,8362,3428,4934,-0.1987,-0.2836,-0.1269,51,9893.0,4366.0,5527.0,9626.0,4230.0,5396.0,9471.0,4196.0,5275.0,-0.0028,0.0033,-0.0038,-0.011,-0.0191,-0.0027,-0.0002,-0.0029,0.0031
2014-12-19,1252380,574242,2014,12,10436,4785,5651,0.011,-0.0124,0.0318,50,10000.0,4420.0,5581.0,9774.0,4344.0,5429.0,9503.0,4231.0,5272.0,0.0262,0.0404,0.0177,0.018000000000000002,0.0228,0.0156,0.0129,0.0144,0.0126
2014-12-12,1238748,581443,2014,12,10322,4845,5477,-0.0124,0.0999,-0.0943,49,9787.0,4276.0,5510.0,9623.0,4263.0,5360.0,9395.0,4181.0,5215.0,0.0292,0.0443,0.0194,0.0194,0.0256,0.0158,0.0109,0.0155,0.0082
2014-12-05,1254271,528642,2014,12,10452,4405,6047,0.1888,0.2092,0.1744,48,9548.0,4114.0,5434.0,9461.0,4168.0,5292.0,9306.0,4125.0,5181.0,0.0238,0.0121,0.0335,0.0202,0.0148,0.0249,0.0178,0.0172,0.0187
2014-11-28,1055150,437171,2014,11,8792,3643,5149,-0.0824,-0.1351,-0.041,47,9360.0,4094.0,5265.0,9289.0,4123.0,5167.0,9157.0,4069.0,5088.0,-0.0193,-0.0414,-0.0016,-0.0055,-0.0135,0.001,-0.003,-0.0087,0.0019
2014-11-21,1149781,505465,2014,11,9581,4212,5369,0.0227,0.0033,0.0385,46,9546.0,4270.0,5277.0,9345.0,4181.0,5164.0,9194.0,4112.0,5081.0,0.0097,0.0052,0.0134,0.0113,0.0106,0.0121,0.0102,0.0045,0.0157
2014-11-14,1124258,503797,2014,11,9368,4198,5170,-0.0339,-0.0291,-0.0378,45,9459.0,4250.0,5210.0,9245.0,4140.0,5105.0,9111.0,4101.0,5010.0,0.0097,0.006999999999999999,0.0121,0.0049,0.0028,0.0069,0.0087,0.0067,0.0111
2014-11-07,1163739,518964,2014,11,9697,4324,5373,0.0165,-0.0046,0.0341,44,9374.0,4222.0,5151.0,9203.0,4131.0,5072.0,9043.0,4081.0,4962.0,0.0167,0.0175,0.0163,0.0074,0.0066,0.0083,0.013,0.0099,0.0162
2014-10-31,1144818,521328,2014,10,9540,4344,5196,0.0334,0.0513,0.0188,43,9219.0,4151.0,5068.0,9137.0,4106.0,5031.0,8935.0,4047.0,4888.0,0.0083,0.0144,0.0035,0.015,0.0226,0.0094,0.0148,0.0139,0.0161
2014-10-24,1107916,495891,2014,10,9232,4132,5100,0.0229,0.0103,0.0334,42,9143.0,4092.0,5051.0,9008.0,4022.0,4986.0,8816.0,3998.0,4817.0,0.013,0.016,0.0108,0.0006,0.0001,0.0016,0.0119,0.0096,0.0145
2014-10-17,1083092,490895,2014,10,9025,4090,4935,-0.0061,0.0129,-0.0212,41,9030.0,4030.0,5000.0,9012.0,4031.0,4981.0,8722.0,3967.0,4755.0,0.0001,-0.0013,0.0016,0.0089,0.0034,0.0146,0.0089,0.0064,0.0117
2014-10-10,1089609,484611,2014,10,9080,4038,5042,-0.0169,-0.017,-0.0168,40,9033.0,4039.0,4994.0,8948.0,4028.0,4920.0,8654.0,3949.0,4705.0,-0.0018,-0.0042,0.0003,0.0101,0.0058,0.0146,0.0076,0.0063,0.0093
2014-10-03,1108377,493005,2014,10,9236,4108,5128,0.0521,0.0577,0.0476,39,9054.0,4060.0,4994.0,8873.0,4015.0,4857.0,8597.0,3931.0,4666.0,0.0217,0.0307,0.0152,0.0149,0.0095,0.0204,0.0179,0.0163,0.0198
2014-09-26,1053596,466178,2014,9,8779,3884,4895,-0.0285,-0.0589,-0.0031,38,8872.0,3951.0,4921.0,8756.0,3988.0,4768.0,8461.0,3878.0,4583.0,-0.0119,-0.0158,-0.0076,0.0133,0.0082,0.0184,0.0097,0.0056,0.0138
2014-09-19,1084540,495240,2014,9,9037,4127,4910,-0.014,0.0012,-0.0264,37,8994.0,4033.0,4962.0,8656.0,3966.0,4690.0,8394.0,3866.0,4528.0,0.0176,0.0081,0.0276,0.0164,0.015,0.0185,0.0149,0.0147,0.0158
2014-09-12,1099826,494703,2014,9,9165,4122,5043,0.0773,0.1229,0.0428,36,8862.0,4017.0,4846.0,8529.0,3916.0,4612.0,8283.0,3818.0,4464.0,0.022,0.0158,0.0288,0.0162,0.0109,0.0216,0.017,0.0139,0.0203
2014-09-05,1020849,440576,2014,9,8507,3671,4836,-0.0822,-0.1282,-0.0439,35,8691.0,3970.0,4721.0,8401.0,3882.0,4519.0,8155.0,3774.0,4381.0,0.0081,-0.0117,0.0255,0.0035,-0.0031,0.0095,0.0081,0.0006,0.0148
2014-08-29,1112366,505410,2014,8,9269,4211,5058,0.0893,0.0364,0.1377,34,8639.0,4024.0,4615.0,8380.0,3899.0,4481.0,8100.0,3778.0,4322.0,0.0384,0.0322,0.0445,0.0284,0.0271,0.0301,0.0255,0.0317,0.0217
2014-08-22,1021144,487624,2014,8,8509,4063,4446,0.0034,0.032,-0.0214,33,8318.0,3899.0,4419.0,8155.0,3800.0,4355.0,7912.0,3679.0,4233.0,0.0152,0.0218,0.0095,0.0105,0.0124,0.0091,0.0146,0.0191,0.0122
2014-08-15,1017653,472510,2014,8,8480,3937,4543,0.0218,0.0131,0.0295,32,8195.0,3816.0,4379.0,8079.0,3757.0,4321.0,7811.0,3625.0,4186.0,0.0104,0.006,0.0143,0.0151,0.0159,0.0146,0.0134,0.0146,0.0138
2014-08-08,995981,466346,2014,8,8299,3886,4413,0.0393,0.0474,0.0323,31,8110.0,3794.0,4317.0,7968.0,3704.0,4264.0,7719.0,3587.0,4132.0,-0.001,0.0055,-0.0064,0.0139,0.0131,0.0148,0.0138,0.0177,0.0119
2014-08-01,958239,445284,2014,8,7985,3710,4275,-0.0037,-0.0051,-0.0026,30,8122.0,3774.0,4348.0,7868.0,3661.0,4207.0,7625.0,3539.0,4086.0,0.0184,0.022,0.0156,0.0042,0.001,0.0073,0.0101,0.0124,0.0096
2014-07-25,961850,447554,2014,7,8015,3729,4286,-0.0157,-0.0312,-0.0019,29,7992.0,3701.0,4291.0,7845.0,3664.0,4182.0,7561.0,3510.0,4051.0,0.0058,0.003,0.0087,0.0226,0.036000000000000004,0.0133,0.0146,0.0178,0.0132
2014-07-18,977206,461880,2014,7,8143,3849,4294,-0.024,0.011,-0.0534,28,7962.0,3699.0,4264.0,7696.0,3563.0,4133.0,7467.0,3465.0,4002.0,0.0197,0.0257,0.0149,0.0181,0.024,0.0154,0.0164,0.0208,0.0141
2014-07-11,1001227,456857,2014,7,8343,3807,4536,0.1172,0.1135,0.1203,27,7825.0,3615.0,4210.0,7577.0,3501.0,4076.0,7358.0,3408.0,3950.0,0.0288,0.0207,0.036000000000000004,0.0195,0.0193,0.022,0.0193,0.0207,0.0194
2014-07-04,896267,410307,2014,7,7468,3419,4049,-0.0542,-0.0812,-0.0302,26,7615.0,3549.0,4066.0,7444.0,3456.0,3989.0,7227.0,3352.0,3875.0,-0.0102,-0.0202,-0.001,0.0084,0.0119,0.0076,0.0093,0.0115,0.0089
2014-06-27,947587,446570,2014,6,7896,3721,4175,0.0398,0.0595,0.0228,25,7698.0,3627.0,4072.0,7397.0,3436.0,3960.0,7170.0,3328.0,3842.0,0.0394,0.069,0.0178,0.014,0.0193,0.0116,0.0138,0.0153,0.014
2014-06-20,911383,421446,2014,6,7594,3512,4082,0.0123,-0.009000000000000001,0.0313,24,7430.0,3428.0,4002.0,7304.0,3389.0,3915.0,7078.0,3288.0,3790.0,0.0166,0.0223,0.0158,0.0158,0.02,0.0143,0.0142,0.0143,0.0155
2014-06-13,900352,425344,2014,6,7502,3544,3958,-0.0385,-0.0499,-0.028,23,7328.0,3387.0,3941.0,7203.0,3342.0,3861.0,6987.0,3253.0,3734.0,0.0103,0.0178,0.0079,0.0153,0.0221,0.0115,0.0157,0.0199,0.0134
2014-06-06,936242,447649,2014,6,7802,3730,4072,0.14400000000000002,0.2756,0.0452,22,7274.0,3362.0,3912.0,7106.0,3288.0,3819.0,6887.0,3201.0,3686.0,0.0268,0.0439,0.0162,0.0217,0.0295,0.017,0.0137,0.0193,0.0102
2014-05-30,818437,350990,2014,5,6820,2924,3896,-0.0515,-0.1274,0.0148,21,7095.0,3246.0,3849.0,6961.0,3206.0,3755.0,6798.0,3149.0,3649.0,-0.0115,-0.0305,0.0053,0.0022,-0.0057,0.0093,0.0023,-0.0082,0.0124
2014-05-23,862815,402164,2014,5,7190,3351,3839,-0.0129,-0.027000000000000003,-0.0003,20,7179.0,3350.0,3828.0,6949.0,3228.0,3721.0,6786.0,3180.0,3606.0,0.015,0.0177,0.0128,0.0091,0.0062,0.012,0.0095,0.0071,0.0123
2014-05-16,874182,413323,2014,5,7284,3444,3840,0.0278,0.0545,0.005,19,7078.0,3296.0,3782.0,6888.0,3210.0,3678.0,6726.0,3161.0,3565.0,0.0203,0.0264,0.0151,0.0163,0.0154,0.0174,0.0133,0.0194,0.0092
2014-05-09,850512,391932,2014,5,7087,3266,3821,-0.0094,-0.0222,0.0018,18,6939.0,3213.0,3726.0,6778.0,3162.0,3616.0,6640.0,3107.0,3534.0,0.0166,0.0152,0.0179,0.0168,0.0167,0.0172,0.0108,0.0133,0.0098
2014-05-02,858572,400862,2014,5,7154,3340,3814,0.0544,0.0657,0.0446,17,6828.0,3166.0,3661.0,6669.0,3113.0,3556.0,6572.0,3071.0,3501.0,0.016,0.0192,0.0132,0.0099,0.0122,0.0082,0.0123,0.0162,0.0102
2014-04-25,814287,376100,2014,4,6785,3134,3651,0.0083,0.0074,0.0091,16,6720.0,3106.0,3613.0,6605.0,3077.0,3528.0,6494.0,3027.0,3467.0,0.0033,-0.0053,0.0112,0.0027,-0.0063,0.0119,0.0106,0.0128,0.0099
2014-04-18,807542,373320,2014,4,6729,3111,3618,0.0131,0.0097,0.016,15,6698.0,3124.0,3574.0,6590.0,3101.0,3490.0,6430.0,2995.0,3435.0,0.0124,0.0045,0.0196,0.0068,0.0017,0.0125,0.008,0.0123,0.0056
2014-04-11,797142,369820,2014,4,6642,3081,3561,-0.0119,-0.0061,-0.0168,14,6618.0,3111.0,3507.0,6549.0,3100.0,3450.0,6381.0,2963.0,3418.0,0.0171,0.0182,0.0166,0.0098,0.0172,0.0055,0.012,0.0183,0.008
2014-04-04,806676,372065,2014,4,6722,3100,3622,0.0037,-0.0322,0.0366,13,6511.0,3060.0,3451.0,6491.0,3057.0,3434.0,6311.0,2917.0,3394.0,0.0039,0.0053,0.0032,0.0107,0.0148,0.0091,0.0099,0.0316,-0.0025
2014-03-28,803642,384406,2014,3,6697,3203,3494,0.0446,0.0467,0.0427,12,6491.0,3047.0,3444.0,6426.0,3020.0,3406.0,6253.0,2843.0,3410.0,0.002,-0.0072,0.0126,0.0116,0.0207,0.0054,0.0181,0.0358,0.0076
2014-03-21,769437,367244,2014,3,6411,3060,3351,0.0319,0.0643,0.0039,11,6483.0,3078.0,3406.0,6356.0,2966.0,3390.0,6151.0,2757.0,3394.0,0.0013,-0.0011,0.0054,0.01,0.0176,0.0051,0.0015,0.009000000000000001,-0.0004
2014-03-14,745637,345091,2014,3,6213,2875,3338,-0.0646,-0.0577,-0.0705,10,6480.0,3088.0,3392.0,6298.0,2922.0,3376.0,6156.0,2751.0,3405.0,0.0025,0.0162,-0.0057,0.0028,0.0097,-0.0013,0.0014,0.006999999999999999,0.0011
2014-03-07,797104,366153,2014,3,6642,3051,3591,-0.0037,-0.0821,0.0742,9,6471.0,3054.0,3417.0,6284.0,2900.0,3384.0,6162.0,2751.0,3411.0,0.0175,0.0244,0.015,0.019,0.0279,0.0135,0.0055,0.0145,0.0027
2014-02-28,800140,398966,2014,2,6667,3324,3343,0.0417,0.0712,0.014,8,6361.0,2993.0,3368.0,6170.0,2830.0,3340.0,6140.0,2729.0,3411.0,0.0211,0.0486,-0.0018,0.0146,0.059,-0.015,0.0182,0.0358,0.0076
2014-02-21,768018,372411,2014,2,6400,3103,3297,0.0366,0.1333,-0.0405,7,6228.0,2854.0,3374.0,6082.0,2681.0,3402.0,6049.0,2651.0,3397.0,0.0186,0.0363,0.0048,0.0233,0.0528,0.0043,0.0052,0.0111,0.0058
2014-02-14,740895,328633,2014,2,6174,2738,3436,-0.0047,-0.0249,0.0121,6,6116.0,2755.0,3360.0,5954.0,2554.0,3400.0,6039.0,2650.0,3389.0,0.0031,0.0033,0.0032,-0.0028,-0.0015,0.0017,0.003,0.0021,0.0089
2014-02-07,744435,337019,2014,2,6203,2808,3395,0.0108,0.0148,0.0074,5,6098.0,2747.0,3351.0,5992.0,2584.0,3408.0,6043.0,2673.0,3370.0,0.0206,0.0314,0.0121,0.0016,0.0064,0.0032,0.0038,0.0056,0.0074
2014-01-31,736554,332074,2014,1,6137,2767,3370,0.0318,0.0218,0.0401,4,5980.0,2666.0,3313.0,6003.0,2593.0,3410.0,6042.0,2685.0,3356.0,0.008,0.0694,-0.0282,-0.0011,0.0096,-0.004,0.0023,0.0034,0.0065
2014-01-24,713779,325051,2014,1,5948,2708,3240,-0.0254,0.0015,-0.0468,3,5936.0,2507.0,3429.0,6030.0,2592.0,3438.0,6050.0,2705.0,3345.0,0.0279,0.0694,0.0038,0.0151,0.0312,0.0081,-0.0007,-0.0025,0.0066
2014-01-17,732419,324535,2014,1,6103,2704,3399,0.0651,0.0877,0.0478,2,5792.0,2352.0,3440.0,5971.0,2543.0,3428.0,6076.0,2742.0,3334.0,-0.0088,-0.0063,0.0001,0.0024,-0.0002,0.0129,0.0033,-0.0019,0.0136
2014-01-10,687638,298323,2014,1,5730,2486,3244,-0.0394,0.1666,-0.1539,1,5886.0,2422.0,3464.0,5992.0,2590.0,3402.0,6078.0,2777.0,3301.0,-0.0173,-0.0187,-0.0057,-0.0048,-0.0092,0.0069,0.0015,-0.0061,0.0139
2014-01-03,715815,255794,2014,1,5965,2131,3834,0.1112,0.0216,0.1682,45,6026.0,2519.0,3507.0,6054.0,2659.0,3395.0,6090.0,2821.0,3269.0,-0.0102,-0.0502,0.0202,0.0008,-0.0274,0.0251,0.0033,-0.0217,0.0263
2013-12-27,644189,250385,2013,12,5368,2086,3282,-0.1719,-0.3012,-0.0615,44,6124.0,2677.0,3447.0,6082.0,2764.0,3318.0,6091.0,2902.0,3189.0,0.0024,-0.006999999999999999,0.0125,-0.0142,-0.0319,0.0036,-0.0034,-0.0217,0.0155
2013-12-20,777906,358276,2013,12,6482,2985,3497,0.0307,0.0383,0.0243,43,6151.0,2734.0,3417.0,6192.0,2881.0,3311.0,6127.0,2980.0,3146.0,0.0135,0.0058,0.0256,0.0064,-0.0012,0.0166,0.0101,0.0002,0.0221
2013-12-13,754701,345006,2013,12,6289,2875,3414,-0.0109,0.0405,-0.0503,42,6098.0,2759.0,3340.0,6168.0,2907.0,3261.0,6076.0,2994.0,3082.0,0.0078,0.0003,0.0196,0.0059,-0.0046,0.019,0.0115,0.002,0.0229
2013-12-06,763074,331650,2013,12,6358,2763,3595,0.1615,0.1946,0.1373,41,6082.0,2799.0,3284.0,6148.0,2942.0,3205.0,6019.0,3002.0,3017.0,0.0119,-0.0047,0.0301,0.0125,-0.0056,0.0317,0.0214,0.0116,0.032
2013-11-29,656950,277569,2013,11,5474,2313,3161,-0.1274,-0.25,-0.0088,40,6040.0,2852.0,3188.0,6088.0,2979.0,3109.0,5911.0,2985.0,2926.0,-0.0307,-0.0568,-0.0052,-0.0097,-0.0346,0.0155,0.0054,-0.0135,0.0264
2013-11-22,752879,370089,2013,11,6273,3084,3189,0.0079,0.0161,0.0,39,6232.0,3027.0,3205.0,6151.0,3087.0,3064.0,5891.0,3034.0,2857.0,-0.0007,-0.0082,0.0075,0.0093,-0.0006,0.0201,0.0168,0.006999999999999999,0.0292
2013-11-15,746917,364310,2013,11,6224,3035,3189,0.0057,0.0205,-0.0081,38,6237.0,3054.0,3182.0,6096.0,3091.0,3006.0,5800.0,3020.0,2781.0,0.004,-0.0096,0.0185,0.0086,-0.0046,0.0231,0.0196,0.0127,0.0284
2013-11-08,742761,356899,2013,11,6189,2974,3215,-0.0088,-0.0139,-0.004,37,6213.0,3086.0,3127.0,6046.0,3106.0,2940.0,5697.0,2990.0,2707.0,0.013,-0.0066,0.0333,0.014,0.0005,0.0285,0.0177,0.0053,0.0336
2013-11-01,749359,362038,2013,11,6244,3016,3228,-0.0075,-0.0554,0.042,36,6136.0,3107.0,3029.0,5966.0,3106.0,2859.0,5604.0,2983.0,2621.0,0.0112,-0.0123,0.0362,0.0299,0.023,0.0375,0.0209,0.0072,0.0389
2013-10-25,755023,383178,2013,10,6291,3193,3098,0.0268,0.0104,0.0442,35,6070.0,3148.0,2922.0,5806.0,3049.0,2757.0,5494.0,2969.0,2525.0,0.0192,0.006999999999999999,0.0328,0.025,0.0133,0.0403,0.0272,0.0162,0.0426
2013-10-18,735267,379205,2013,10,6127,3160,2967,0.0415,0.0327,0.051,34,5956.0,3127.0,2829.0,5670.0,3018.0,2652.0,5355.0,2929.0,2425.0,0.0132,0.0005,0.0277,0.0242,0.0141,0.0381,0.0241,0.0181,0.0333
2013-10-11,706033,367293,2013,10,5883,3060,2823,-0.0161,-0.0368,0.0075,33,5879.0,3126.0,2753.0,5541.0,2984.0,2557.0,5233.0,2885.0,2348.0,0.015,0.0076,0.0237,0.0246,0.0213,0.0304,0.0256,0.0195,0.0351
2013-10-04,717511,381342,2013,10,5979,3177,2802,0.0247,0.0215,0.0283,32,5796.0,3106.0,2690.0,5416.0,2934.0,2482.0,5110.0,2839.0,2271.0,0.0486,0.0583,0.0388,0.0243,0.0165,0.0369,0.0339,0.0225,0.0532
2013-09-27,700315,373292,2013,9,5835,3110,2725,0.0026,-0.0155,0.0241,31,5541.0,2950.0,2591.0,5291.0,2896.0,2395.0,4952.0,2784.0,2168.0,0.0307,0.0197,0.0478,0.0253,0.0152,0.0415,0.0245,0.0137,0.043
2013-09-20,698464,379121,2013,9,5820,3159,2661,0.049,0.0611,0.035,30,5384.0,2908.0,2476.0,5163.0,2862.0,2301.0,4838.0,2753.0,2085.0,0.0353,0.0278,0.0485,0.0342,0.0248,0.0498,0.0273,0.0199,0.041
2013-09-13,665803,357244,2013,9,5548,2977,2571,0.1183,0.1661,0.0677,29,5204.0,2842.0,2361.0,4996.0,2802.0,2194.0,4712.0,2705.0,2006.0,0.0342,0.0351,0.0372,0.0264,0.0215,0.0359,0.0248,0.0112,0.0493
2013-09-06,595420,306400,2013,9,4961,2553,2408,-0.0471,-0.1328,0.0645,28,5037.0,2762.0,2275.0,4871.0,2753.0,2118.0,4602.0,2683.0,1919.0,-0.0,-0.0253,0.0351,0.0192,0.0071,0.0367,0.0185,0.0011,0.0472
2013-08-30,624766,353341,2013,8,5206,2944,2262,0.021,0.0166,0.0268,27,5040.0,2842.0,2198.0,4786.0,2742.0,2045.0,4526.0,2686.0,1840.0,0.02,0.0106,0.0352,0.0366,0.0239,0.059,0.0377,0.0315,0.0504
2013-08-23,611963,347544,2013,8,5099,2896,2203,0.0444,0.0904,-0.0103,26,4942.0,2817.0,2126.0,4626.0,2681.0,1945.0,4379.0,2617.0,1762.0,0.0331,0.0219,0.0512,0.0219,0.0103,0.0426,0.0321,0.018000000000000002,0.0638
2013-08-16,585931,318734,2013,8,4882,2656,2226,-0.0185,-0.0755,0.0595,25,4789.0,2762.0,2027.0,4532.0,2657.0,1875.0,4255.0,2582.0,1673.0,0.0187,0.008,0.0346,0.0212,0.0071,0.0436,0.0331,0.0084,0.0923
2013-08-09,596880,344792,2013,8,4974,2873,2101,0.033,0.0109,0.0649,24,4705.0,2744.0,1960.0,4445.0,2643.0,1802.0,4133.0,2572.0,1560.0,0.0385,0.0396,0.0383,0.0255,0.0101,0.054000000000000006,0.0409,0.0209,0.0928
2013-08-02,577814,341082,2013,8,4815,2842,1973,0.0736,0.062,0.0907,23,4533.0,2642.0,1891.0,4338.0,2619.0,1719.0,3984.0,2530.0,1454.0,0.0533,0.0373,0.0829,0.0259,0.0131,0.051,0.0406,0.0195,0.1003
2013-07-26,538308,321141,2013,7,4485,2676,1809,-0.0134,0.0344,-0.0766,22,4310.0,2545.0,1765.0,4232.0,2588.0,1645.0,3841.0,2492.0,1350.0,0.0107,-0.0013,0.0341,0.0422,0.0382,0.0529,0.0351,0.0165,0.0883
2013-07-19,545623,310523,2013,7,4546,2587,1959,0.0609,0.0512,0.07400000000000001,21,4275.0,2553.0,1722.0,4084.0,2510.0,1575.0,3723.0,2462.0,1261.0,0.0236,0.0063,0.0526,0.0373,0.0139,0.0876,0.0468,0.0214,0.1174
2013-07-12,514302,295404,2013,7,4285,2461,1824,0.092,0.0016,0.2434,20,4184.0,2542.0,1643.0,3951.0,2492.0,1460.0,3573.0,2423.0,1149.0,0.0124,-0.0194,0.0698,0.0369,0.0032,0.1235,0.0569,0.0295,0.1402
2013-07-05,470932,294957,2013,7,3924,2457,1467,-0.0969,-0.0924,-0.1044,19,4143.0,2597.0,1546.0,3827.0,2500.0,1327.0,3410.0,2373.0,1038.0,-0.0014,-0.0111,0.0191,0.0358,0.014,0.1013,0.0578,0.0352,0.1417
2013-06-28,521504,324909,2013,6,4345,2707,1638,0.0385,0.0649,-0.0024,18,4155.0,2630.0,1524.0,3717.0,2484.0,1234.0,3260.0,2312.0,947.0,0.0736,0.0776,0.0716,0.0514,0.0247,0.1346,0.0737,0.0499,0.1633
2013-06-21,502117,305051,2013,6,4184,2542,1642,0.016,-0.0518,0.1427,17,3894.0,2466.0,1427.0,3544.0,2438.0,1106.0,3062.0,2222.0,840.0,0.051,0.0215,0.1225,0.0469,0.0193,0.1267,0.0773,0.0478,0.2027
2013-06-14,494264,321771,2013,6,4118,2681,1437,0.0368,0.0347,0.0406,16,3718.0,2442.0,1277.0,3389.0,2406.0,983.0,2866.0,2139.0,727.0,0.0614,0.0258,0.1772,0.0622,0.0381,0.1466,0.0893,0.0634,0.2232
2013-06-07,476695,310928,2013,6,3972,2591,1381,0.2033,0.2627,0.1057,15,3512.0,2404.0,1108.0,3199.0,2332.0,867.0,2657.0,2031.0,625.0,0.0729,0.0392,0.1834,0.0817,0.0534,0.1878,0.107,0.08,0.2571
2013-05-31,396217,246272,2013,5,3301,2052,1249,-0.052000000000000005,-0.1597,0.201,14,3279.0,2337.0,942.0,2974.0,2233.0,740.0,2436.0,1911.0,525.0,0.0291,-0.0283,0.1975,0.0692,0.03,0.2075,0.0995,0.0645,0.3508
